"","age","profession","stop1","anger1","forgive1.1","forgive1.2","forgive1.3","forgive1.4","forgive1.5","sincerity1.1","sincerity1.2","sincerity1.3","stop2","anger2","forgive2.1","forgive2.2","forgive2.3","forgive2.4","forgive2.5","sincerity2.1","sincerity2.2","sincerity2.3","stop3","anger3","forgive3.1","forgive3.2","forgive3.3","forgive3.4","forgive3.5","sincerity3.1","sincerity3.2","sincerity3.3","stop4","anger4","forgive4.1","forgive4.2","forgive4.3","forgive4.4","forgive4.5","sincerity4.1","sincerity4.2","sincerity4.3","sex","position","intence","apology.cost","forgive","sincerity","cost.num","int.num"
"1",35,3,3,4,2,4,5,2,1,5,5,5,4,4,3,3,3,3,3,4,4,4,3,4,2,3,4,2,2,4,4,4,3,3,2,5,4,2,2,4,4,4,"male",6,"No-Intence","Costly",3.85,4.25,1,0
"2",33,4,5,5,1,5,5,1,1,5,5,5,5,5,1,5,4,1,1,4,5,5,5,3,1,1,3,1,3,3,5,5,3,2,4,2,3,3,2,2,4,4,"male",12,"Intence","Costly",4,4.33333333333333,1,1
"3",38,3,5,5,4,2,3,5,4,2,4,3,5,5,3,3,3,3,4,3,2,2,5,5,3,3,2,4,5,3,3,2,3,4,3,2,2,4,2,4,2,3,"male",8,"Intence","Costly",2.4,2.75,1,1
"4",38,1,3,4,3,4,4,3,2,4,4,4,4,4,2,3,3,3,2,3,3,3,3,4,3,3,4,3,2,3,4,2,4,4,2,4,4,3,2,4,4,4,"male",6,"Intence","Non-Costly",3.55,3.5,0,1
"5",38,4,1,1,1,5,5,1,1,3,2,2,1,4,1,4,4,1,1,2,3,3,4,5,4,1,1,4,4,4,5,5,4,5,3,2,3,3,2,4,5,4,"male",10,"No-Intence","Non-Costly",3.55,3.5,0,0
"6",36,1,2,3,3,4,3,3,2,4,2,4,3,4,3,3,3,3,2,3,4,3,4,4,3,3,3,3,4,4,4,4,3,4,3,3,4,3,3,4,3,4,"male",6,"No-Intence","Costly",3.15,3.58333333333333,1,0
"7",33,1,3,5,4,1,2,5,3,2,2,1,5,4,5,2,2,5,2,2,2,2,5,5,5,1,1,5,2,1,2,1,3,4,4,2,2,4,2,2,3,2,"male",6,"Intence","Non-Costly",1.95,1.83333333333333,0,1
"8",37,3,2,3,2,4,4,2,2,3,3,3,4,4,2,4,4,2,3,3,4,3,4,5,3,3,4,3,3,3,4,3,3,4,3,4,3,3,3,3,3,3,"male",6,"No-Intence","Non-Costly",3.55,3.16666666666667,0,0
"9",34,1,3,3,2,4,4,2,1,4,4,4,4,4,2,4,4,2,1,5,5,5,4,4,1,5,5,1,1,5,5,5,2,3,1,4,4,1,1,5,5,5,"male",2,"Intence","Costly",4.5,4.75,1,1
"10",37,2,4,4,2,4,4,2,2,5,5,5,5,5,4,3,3,4,3,3,3,2,3,4,2,4,4,2,2,4,5,4,3,3,2,4,4,2,2,5,4,5,"female",7,"No-Intence","Costly",3.65,4.16666666666667,1,0
"11",31,4,2,3,2,4,4,2,1,4,4,4,4,4,3,3,4,2,3,4,3,3,1,2,1,5,5,1,1,5,5,5,3,4,1,4,5,2,1,5,5,5,"male",6,"No-Intence","Costly",4.3,4.33333333333333,1,0
"12",31,4,3,4,2,4,4,2,2,4,4,4,3,4,2,4,4,2,2,4,4,4,2,3,2,4,5,2,2,5,4,5,3,4,2,3,4,2,2,4,4,4,"male",5,"No-Intence","Costly",4,4.16666666666667,1,0
"13",34,1,3,4,1,4,5,1,1,5,5,5,4,4,3,3,3,4,2,3,2,2,4,5,3,3,3,4,2,3,3,3,4,4,4,3,3,4,2,3,4,3,"female",6,"Intence","Non-Costly",3.4,3.41666666666667,0,1
"14",36,3,3,4,3,3,4,2,3,3,4,3,2,3,3,3,4,3,2,3,4,3,3,4,3,2,3,3,3,4,3,4,2,3,4,2,3,3,4,2,4,3,"male",4,"Intence","Non-Costly",3,3.33333333333333,0,1
"15",26,2,2,4,2,4,4,2,1,5,5,4,1,2,1,5,4,1,1,5,5,5,1,4,1,4,4,1,1,5,5,5,2,5,1,2,2,2,1,4,4,2,"male",4,"No-Intence","Costly",4.3,4.5,1,0
"16",38,1,3,2,2,3,4,3,3,3,3,3,2,3,3,4,3,2,2,2,3,3,4,3,3,3,3,2,2,2,3,2,4,4,3,2,4,3,2,3,3,2,"male",5,"No-Intence","Costly",3.4,2.66666666666667,1,0
"17",38,3,3,4,1,4,4,2,1,5,5,4,4,5,2,3,4,2,2,4,2,4,4,5,5,1,2,5,4,1,2,1,3,3,1,5,5,1,1,5,4,5,"male",7,"Intence","Costly",3.65,3.5,1,1
"18",33,1,4,4,5,2,2,5,3,2,2,4,5,5,4,2,5,4,2,4,4,3,2,3,1,5,5,1,1,5,5,5,4,5,4,2,2,5,3,2,4,4,"female",4,"Intence","Costly",2.95,3.66666666666667,1,1
"19",25,1,3,4,3,1,1,2,4,1,1,3,4,4,1,5,3,5,1,1,2,4,5,2,4,1,1,3,2,3,1,2,4,1,2,2,3,3,1,4,3,4,"female",4,"No-Intence","Non-Costly",2.9,2.41666666666667,0,0
"20",34,4,3,3,2,3,3,2,1,3,2,3,4,5,3,2,3,4,1,2,2,2,4,5,4,2,2,4,1,2,2,2,4,4,3,2,3,2,1,3,4,3,"female",12,"No-Intence","Non-Costly",3.2,2.5,0,0
"21",36,1,3,4,2,4,4,2,1,5,5,5,3,3,2,4,4,2,2,4,3,4,2,3,2,4,5,2,1,4,3,4,2,3,1,4,4,2,2,4,3,5,"male",8,"Intence","Costly",4.2,4.08333333333333,1,1
"22",31,1,4,3,4,4,4,3,4,3,3,3,4,3,3,4,3,5,4,4,4,3,4,3,3,3,3,4,4,3,2,2,3,4,3,4,4,4,4,3,3,3,"male",7,"Intence","Costly",2.8,3,1,1
"23",34,3,4,5,4,3,3,4,1,3,5,4,5,5,4,3,3,5,1,3,5,4,5,5,5,1,1,5,3,1,5,1,4,4,3,2,4,4,1,4,5,5,"female",6,"No-Intence","Non-Costly",2.6,3.75,0,0
"24",36,1,4,5,4,3,3,4,3,3,5,3,4,4,3,3,4,2,2,3,3,3,3,3,3,3,3,3,3,3,4,3,3,3,2,4,4,1,2,4,4,4,"male",7,"Intence","Non-Costly",3.35,3.5,0,1
"25",24,1,1,1,1,5,5,1,1,5,3,4,5,5,5,3,2,4,2,3,5,3,3,4,3,4,4,3,1,4,5,4,4,4,2,4,4,3,1,4,4,4,"female",5,"No-Intence","Costly",3.8,4,1,0
"26",33,1,3,4,2,4,4,2,2,3,4,4,4,4,3,3,3,3,2,3,4,3,4,4,2,4,4,2,2,4,4,4,3,4,2,3,4,3,2,4,4,3,"male",8,"Intence","Non-Costly",3.7,3.66666666666667,0,1
"27",40,3,3,4,2,5,5,2,2,5,5,5,3,3,2,5,5,2,1,5,5,5,3,2,3,4,4,2,3,3,4,4,4,4,3,4,4,3,2,4,5,4,"female",5,"Intence","Costly",4.05,4.5,1,1
"28",37,1,3,4,3,4,3,3,4,3,2,3,4,4,4,3,2,4,4,2,4,2,4,4,4,2,2,4,4,2,4,2,2,2,3,3,3,3,2,3,2,3,"female",6,"No-Intence","Non-Costly",2.6,2.66666666666667,0,0
"29",38,1,1,2,1,5,4,1,1,5,4,5,2,3,2,4,4,1,1,4,3,4,2,4,1,4,4,1,1,4,5,4,2,3,2,3,3,1,1,3,4,4,"male",6,"No-Intence","Costly",4.45,4.08333333333333,1,0
"30",39,1,2,3,1,4,4,1,1,4,2,4,4,4,4,2,2,4,2,2,3,2,3,4,3,2,3,4,3,1,2,3,2,3,3,3,3,3,2,3,4,2,"male",8,"No-Intence","Non-Costly",3.2,2.66666666666667,0,0
"31",34,3,4,4,4,3,3,3,2,4,5,4,4,4,4,2,2,4,3,2,2,2,3,4,3,3,3,3,2,4,3,3,5,5,5,2,1,5,4,2,2,2,"male",6,"Intence","Costly",2.45,2.91666666666667,1,1
"32",25,4,1,4,2,5,5,2,2,4,4,5,4,3,4,2,3,3,2,4,4,2,1,2,2,3,3,3,1,3,4,2,3,3,2,4,4,1,1,4,5,4,"female",6,"No-Intence","Costly",3.8,3.75,1,0
"33",30,4,2,3,1,5,5,1,1,5,2,5,5,5,4,4,4,3,3,3,5,4,1,2,2,5,4,2,2,5,5,4,3,2,2,5,5,1,1,5,1,5,"female",4,"No-Intence","Costly",4.3,4.08333333333333,1,0
"34",34,1,4,4,2,4,4,3,2,4,4,4,3,4,2,4,4,3,3,4,2,4,3,3,3,2,2,3,3,3,3,3,4,4,4,2,2,4,3,3,4,2,"male",7,"Intence","Costly",3.05,3.33333333333333,1,1
"35",27,4,3,4,3,3,3,4,2,4,3,3,5,4,4,2,3,4,3,2,3,3,4,3,3,2,3,3,2,2,2,2,3,4,3,2,3,3,3,3,4,3,"male",6,"No-Intence","Non-Costly",2.8,2.83333333333333,0,0
"36",40,2,3,4,2,3,3,2,2,4,5,4,3,4,1,4,4,1,1,3,4,4,3,4,3,3,3,3,3,3,4,4,3,3,3,3,3,3,2,3,3,3,"female",6,"Intence","Costly",3.6,3.66666666666667,1,1
"37",38,4,4,1,1,5,5,1,1,5,5,5,4,5,1,4,5,1,1,4,5,4,5,5,5,2,2,4,3,2,2,2,2,3,2,3,4,3,1,4,4,4,"female",11,"Intence","Costly",3.9,3.83333333333333,1,1
"38",33,3,2,4,2,3,3,4,1,3,5,4,1,3,1,4,4,1,1,3,4,4,4,4,4,2,2,4,3,3,2,2,4,4,2,3,3,2,1,3,3,4,"male",5,"No-Intence","Non-Costly",3.5,3.33333333333333,0,0
"39",39,4,3,3,3,2,3,3,1,3,4,4,4,4,4,2,2,4,3,3,3,3,3,3,3,4,4,2,2,4,4,5,3,4,2,4,4,2,2,4,4,4,"female",7,"No-Intence","Costly",3.3,3.75,1,0
"40",33,3,1,3,2,5,5,1,1,5,5,5,3,4,3,4,4,1,2,4,5,4,2,3,2,4,3,1,1,3,4,4,3,4,3,3,4,1,1,4,5,4,"male",8,"Intence","Costly",4.25,4.33333333333333,1,1
"41",28,1,4,4,3,4,3,3,2,4,3,3,4,5,3,3,3,4,2,3,4,3,5,5,5,1,1,5,3,1,1,1,4,5,4,2,2,4,4,2,2,2,"male",5,"Intence","Non-Costly",2.45,2.41666666666667,0,1
"42",31,1,2,4,4,4,4,3,3,4,4,3,3,4,3,4,3,3,2,4,4,3,3,4,3,2,4,2,2,4,4,3,4,4,4,2,3,4,2,4,4,3,"female",6,"No-Intence","Non-Costly",3.15,3.66666666666667,0,0
"43",30,4,2,3,1,5,5,1,1,5,5,5,4,4,2,4,4,2,1,5,5,5,1,2,1,4,4,1,1,5,5,5,1,2,1,5,5,1,1,5,5,5,"male",7,"No-Intence","Costly",4.7,5,1,0
"44",35,3,1,3,2,3,5,2,1,4,4,4,4,5,5,2,2,4,3,3,3,4,3,5,4,2,1,3,4,1,5,1,1,3,1,3,4,1,2,5,4,5,"female",6,"No-Intence","Non-Costly",3.1,3.58333333333333,0,0
"45",40,4,2,3,2,4,4,2,2,3,3,4,3,4,3,3,3,2,2,3,3,3,2,3,2,4,4,2,1,3,4,3,3,4,2,3,3,2,2,3,4,4,"female",6,"No-Intence","Non-Costly",3.8,3.33333333333333,0,0
"46",39,1,2,2,1,5,5,1,1,5,5,5,4,4,4,2,2,4,4,4,4,2,3,3,1,5,5,1,1,3,4,4,3,3,1,5,5,1,1,4,4,5,"male",11,"No-Intence","Costly",4.25,4.08333333333333,1,0
"47",40,3,2,3,1,4,4,1,1,4,4,4,4,4,1,4,4,2,1,4,5,4,1,2,1,4,4,2,1,4,4,1,2,4,1,4,4,2,1,4,4,4,"male",6,"No-Intence","Non-Costly",4.45,3.83333333333333,0,0
"48",24,1,4,5,4,2,2,4,3,4,5,5,4,5,4,2,2,5,2,2,3,2,3,4,4,4,3,4,4,5,4,3,5,5,4,2,3,4,3,3,3,4,"male",6,"Intence","Non-Costly",2.35,3.58333333333333,0,1
"49",21,4,1,4,2,4,4,1,1,4,1,3,2,4,1,5,5,1,1,4,3,4,1,4,1,4,4,1,1,5,5,4,2,3,1,4,2,2,2,4,2,5,"male",1,"No-Intence","Costly",4.45,3.66666666666667,1,0
"50",34,3,3,3,2,5,5,2,1,4,4,5,4,3,3,4,4,2,1,4,3,4,5,5,4,3,3,5,1,2,3,3,4,5,3,3,3,4,1,3,4,3,"female",6,"Intence","Non-Costly",3.65,3.5,0,1
"51",36,1,4,4,3,4,3,4,4,3,4,4,4,3,4,3,4,2,2,3,3,4,4,4,4,4,4,2,3,4,4,3,4,3,3,3,3,4,4,4,3,4,"male",12,"Intence","Non-Costly",3.05,3.58333333333333,0,1
"52",40,3,2,3,2,3,4,3,1,3,3,2,3,4,3,4,4,2,1,4,5,3,1,3,1,4,4,2,2,4,3,3,4,4,3,2,1,4,3,2,2,2,"male",9,"No-Intence","Costly",3.55,3,1,0
"53",38,1,4,4,2,5,5,2,1,5,5,5,3,4,1,5,5,1,1,5,5,5,3,5,3,3,3,3,1,3,3,3,3,4,1,5,5,1,1,5,5,5,"male",6,"No-Intence","Costly",4.5,4.5,1,0
"54",34,1,5,4,2,4,2,2,1,2,2,4,5,5,5,2,2,4,2,1,2,2,4,4,2,3,4,4,1,2,4,2,4,5,4,2,2,4,2,2,4,2,"female",6,"Intence","Costly",3,2.41666666666667,1,1
"55",35,1,3,5,3,3,3,3,2,3,4,3,4,4,4,2,3,3,3,2,5,3,2,3,2,4,4,2,2,4,4,3,3,4,3,2,3,3,2,2,3,2,"female",6,"Intence","Costly",3.2,3.16666666666667,1,1
"56",23,1,2,4,2,4,3,2,1,4,4,4,2,3,1,5,4,1,1,5,4,4,2,2,2,2,4,2,2,4,4,4,3,4,1,2,2,2,2,4,4,4,"male",3,"No-Intence","Costly",3.95,4.08333333333333,1,0
"57",36,4,4,4,2,4,4,3,1,4,4,4,4,4,4,4,4,4,1,4,4,4,4,4,4,4,4,4,1,3,3,3,3,4,3,4,4,3,1,4,4,4,"female",6,"Intence","Non-Costly",3.65,3.75,0,1
"58",35,4,3,3,3,4,4,2,2,4,4,4,5,5,4,2,2,4,3,3,4,3,5,5,5,2,2,4,4,2,2,2,5,5,5,1,1,5,3,2,2,1,"female",6,"Intence","Non-Costly",2.3,2.75,0,1
"59",34,3,2,5,1,5,5,1,1,5,5,5,3,3,2,4,4,2,2,3,4,3,5,5,2,4,5,2,1,5,5,5,3,4,3,4,4,2,1,3,5,4,"unknown",12,"Intence","Costly",4.35,4.33333333333333,1,1
"60",38,1,1,2,1,5,5,1,1,5,4,4,5,5,4,2,2,4,1,2,2,2,2,4,1,4,4,1,1,4,4,3,4,4,3,3,3,4,1,4,5,4,"male",3,"Intence","Costly",3.85,3.58333333333333,1,1
"61",32,4,3,3,3,4,3,3,3,4,4,4,4,4,4,2,3,4,3,4,5,3,2,3,2,4,4,3,3,4,4,3,3,4,3,3,4,3,2,4,5,4,"female",6,"No-Intence","Non-Costly",3.15,4,0,0
"62",25,1,3,4,2,4,4,2,2,4,5,4,2,3,1,5,5,1,1,5,4,4,4,4,4,2,2,4,2,2,4,2,2,5,2,4,4,2,1,4,5,5,"female",7,"Intence","Costly",3.9,4,1,1
"63",30,1,3,4,4,3,4,2,3,4,2,3,5,2,1,5,5,1,1,4,3,5,2,2,1,2,2,1,1,1,1,2,5,1,2,3,4,1,1,4,5,4,"male",1,"No-Intence","Non-Costly",4.05,3.16666666666667,0,0
"64",40,1,4,5,3,3,3,3,2,3,5,3,5,5,5,2,2,4,3,1,2,1,4,5,4,3,2,4,4,2,2,1,3,4,4,3,3,4,3,3,3,2,"male",7,"Intence","Non-Costly",2.5,2.33333333333333,0,1
"65",29,4,1,2,1,4,5,1,1,5,5,5,2,3,2,4,4,2,1,4,3,4,1,2,1,5,5,1,1,5,5,5,2,3,2,4,4,1,1,4,4,4,"male",5,"No-Intence","Costly",4.6,4.41666666666667,1,0
"66",35,1,4,4,3,3,3,3,4,3,3,4,3,4,3,3,4,4,3,3,4,4,4,3,2,3,2,4,3,2,4,3,4,3,4,4,3,3,3,3,4,4,"male",7,"Intence","Costly",2.9,3.41666666666667,1,1
"67",37,1,1,1,1,5,5,1,1,3,1,3,1,2,1,4,4,1,1,2,3,2,3,3,1,4,4,1,1,3,5,4,4,4,3,2,2,2,1,3,5,2,"male",4,"Intence","Non-Costly",4.35,3,0,1
"68",33,1,2,3,1,5,4,1,1,4,5,4,4,5,3,2,2,3,4,2,4,2,4,5,3,3,4,3,4,4,5,5,1,3,1,5,5,1,1,5,4,3,"male",8,"No-Intence","Costly",3.8,3.91666666666667,1,0
"69",28,1,4,4,4,4,4,3,4,3,3,4,4,3,4,4,4,3,4,3,4,3,2,3,3,2,4,4,4,3,3,4,3,4,3,4,4,4,4,4,3,4,"male",9,"No-Intence","Non-Costly",2.9,3.41666666666667,0,0
"70",35,1,2,3,1,5,5,3,1,5,1,5,5,5,3,4,4,4,1,5,5,5,2,3,1,4,5,1,1,5,5,5,1,4,3,3,3,4,1,3,5,4,"female",6,"No-Intence","Costly",4.05,4.41666666666667,1,0
"71",35,1,4,4,3,4,3,3,3,3,5,4,4,4,4,3,3,4,3,2,5,2,3,4,2,4,3,4,3,3,4,3,3,3,4,2,3,4,4,2,4,3,"female",6,"Intence","Costly",2.8,3.33333333333333,1,1
"72",30,3,3,4,2,4,4,2,2,4,5,4,3,4,3,4,3,3,2,4,5,4,3,3,2,4,4,2,2,4,5,4,3,3,2,4,4,2,2,4,4,4,"male",6,"No-Intence","Costly",3.85,4.25,1,0
"73",36,3,2,4,1,4,4,2,1,5,4,5,3,4,3,4,3,4,1,2,3,2,5,5,4,3,3,4,1,3,5,4,2,5,2,4,4,1,1,3,4,3,"female",5,"Intence","Non-Costly",3.8,3.58333333333333,0,1
"74",36,4,3,4,2,2,4,2,1,3,2,3,4,4,4,1,2,4,4,2,2,2,4,4,3,2,3,3,3,2,2,2,5,5,5,1,2,5,4,2,2,1,"female",5,"Intence","Non-Costly",2.45,2.08333333333333,0,1
"75",37,1,2,3,2,2,4,2,2,4,3,4,5,4,3,3,3,4,3,3,4,3,3,3,3,3,3,3,2,3,4,4,4,4,4,2,2,4,3,2,3,3,"male",6,"Intence","Costly",2.95,3.33333333333333,1,1
"76",39,3,4,5,4,2,2,5,1,4,5,4,4,4,5,4,4,5,4,4,5,4,5,5,2,4,4,2,1,4,5,4,5,5,5,1,1,5,4,2,4,2,"female",9,"Intence","Costly",2.55,3.91666666666667,1,1
"77",40,3,3,3,3,4,4,2,2,3,4,4,4,4,3,3,3,4,3,3,4,3,4,4,3,3,3,3,2,3,5,3,3,4,3,3,4,3,3,3,5,4,"female",6,"Intence","Costly",3.25,3.66666666666667,1,1
"78",36,4,4,5,3,3,3,3,2,4,5,4,5,5,4,2,2,4,2,3,3,3,4,4,3,2,2,4,2,2,4,3,4,4,2,3,3,2,2,4,5,4,"male",9,"Intence","Costly",2.95,3.66666666666667,1,1
"79",31,1,3,4,3,2,3,3,2,4,5,2,3,4,2,3,3,1,1,3,4,4,2,4,2,4,5,3,2,4,4,3,3,4,3,2,3,2,1,4,5,3,"male",9,"Intence","Non-Costly",3.6,3.75,0,1
"80",27,3,3,4,2,4,5,1,3,4,4,4,3,4,3,4,4,3,1,3,3,3,3,4,2,2,3,3,1,3,3,2,2,3,1,3,4,2,1,5,4,4,"male",8,"Intence","Non-Costly",3.9,3.5,0,1
"81",32,3,3,3,2,5,5,1,1,4,2,4,4,4,2,3,4,2,2,3,3,3,4,3,3,3,2,3,2,3,3,2,2,3,2,4,3,2,1,3,3,3,"male",7,"No-Intence","Non-Costly",3.9,3,0,0
"82",29,4,5,4,1,5,4,2,2,4,3,4,2,2,1,5,5,1,1,3,3,3,5,5,4,4,2,5,1,5,5,5,4,4,3,3,5,4,1,3,5,3,"female",6,"Intence","Non-Costly",3.95,3.83333333333333,0,1
"83",39,1,2,2,1,5,5,1,1,5,2,5,4,4,2,4,3,2,3,5,5,5,2,3,2,4,4,1,1,4,5,4,4,5,3,3,3,3,3,5,4,4,"male",11,"No-Intence","Costly",4,4.41666666666667,1,0
"84",37,1,1,2,1,5,5,1,1,5,5,5,2,4,1,4,4,2,1,4,3,4,1,3,1,5,5,1,1,5,5,5,1,2,1,5,5,1,1,5,5,5,"male",11,"No-Intence","Non-Costly",4.85,4.66666666666667,0,0
"85",35,1,3,3,2,5,4,1,1,4,4,5,5,5,5,1,1,5,3,1,5,1,3,3,4,2,2,4,3,1,4,2,4,4,3,3,3,3,3,2,4,3,"male",6,"No-Intence","Non-Costly",2.8,3,0,0
"86",39,1,2,2,2,4,4,2,2,4,3,4,3,3,2,3,4,2,2,4,3,3,2,3,2,4,4,2,2,4,3,4,3,4,2,3,4,3,3,4,3,4,"female",5,"No-Intence","Costly",3.8,3.58333333333333,1,0
"87",22,2,3,4,2,4,4,2,2,4,5,4,3,4,4,3,2,4,3,3,5,3,3,2,4,3,3,4,3,3,5,4,4,4,4,3,2,4,3,4,5,4,"female",6,"No-Intence","Non-Costly",2.85,4.08333333333333,0,0
"88",37,4,1,3,1,5,5,1,1,5,5,4,2,3,2,3,3,3,1,3,4,3,1,1,1,5,5,1,1,5,4,5,2,5,2,1,2,4,1,2,5,2,"female",5,"No-Intence","Non-Costly",4.1,3.91666666666667,0,0
"89",29,4,3,4,3,3,3,3,2,4,5,4,3,4,3,3,3,3,2,3,4,3,2,4,1,4,4,1,2,4,5,4,2,3,2,4,3,2,2,4,5,4,"female",6,"No-Intence","Non-Costly",3.65,4.08333333333333,0,0
"90",25,1,4,4,3,4,4,3,3,4,5,4,3,4,2,4,4,2,2,4,4,4,3,3,3,4,3,3,3,3,4,3,4,5,3,3,4,3,3,3,4,4,"female",6,"No-Intence","Non-Costly",3.45,3.83333333333333,0,0
"91",40,3,3,4,2,3,4,3,3,3,4,4,3,4,2,4,4,2,3,4,3,4,2,3,2,3,3,2,2,4,5,4,2,4,2,2,4,2,3,3,5,4,"male",4,"No-Intence","Non-Costly",3.55,3.91666666666667,0,0
"92",34,1,3,3,3,4,4,2,3,3,4,4,4,3,3,4,4,3,4,4,3,2,3,4,3,3,4,4,4,4,3,4,4,4,4,4,2,4,4,3,3,3,"male",6,"No-Intence","Non-Costly",3,3.33333333333333,0,0
"93",40,3,3,3,3,3,3,3,2,3,3,3,5,5,4,3,3,4,2,2,3,3,4,4,5,2,2,5,4,1,2,2,5,5,5,1,1,5,3,1,3,1,"female",6,"No-Intence","Non-Costly",2.25,2.25,0,0
"94",29,1,2,3,3,4,2,3,4,4,5,4,4,4,4,2,3,3,3,3,3,3,3,3,1,2,2,3,2,2,3,1,4,5,4,3,3,4,3,3,4,3,"male",6,"Intence","Non-Costly",2.8,3.16666666666667,0,1
"95",34,4,2,2,2,4,4,2,2,5,4,5,5,5,4,2,3,4,2,3,5,3,4,4,4,3,4,4,1,3,5,3,4,4,3,4,3,3,2,4,4,4,"male",6,"Intence","Costly",3.3,4,1,1
"96",35,1,1,2,1,2,2,1,1,4,4,4,2,3,1,4,4,1,2,4,4,3,3,4,3,3,3,3,2,3,4,3,4,4,3,3,3,3,2,3,4,3,"male",5,"Intence","Non-Costly",3.65,3.58333333333333,0,1
"97",36,1,2,4,2,4,4,2,1,3,3,3,3,3,2,4,5,3,2,3,3,4,3,4,3,3,4,3,2,3,4,4,4,4,4,2,2,4,2,4,4,3,"male",6,"No-Intence","Non-Costly",3.5,3.41666666666667,0,0
"98",40,1,5,5,5,2,1,5,4,3,4,3,4,5,3,2,2,4,2,5,5,2,4,4,5,1,1,5,5,2,3,2,5,5,4,4,2,4,1,3,5,3,"male",5,"Intence","Costly",2,3.33333333333333,1,1
"99",38,3,3,4,3,3,3,4,3,3,4,3,4,4,4,3,3,4,3,2,4,3,2,3,2,3,4,2,3,3,4,3,3,4,3,2,2,3,3,3,4,3,"male",7,"No-Intence","Non-Costly",2.9,3.25,0,0
"100",36,4,4,4,3,2,2,4,3,3,4,3,5,5,4,2,3,4,4,2,4,3,3,4,3,3,2,3,3,3,4,2,4,4,3,2,2,4,3,3,3,3,"female",8,"Intence","Non-Costly",2.45,3.08333333333333,0,1
"101",32,1,1,1,1,5,5,1,1,5,4,5,1,2,1,5,5,1,1,4,5,5,1,4,1,5,5,1,1,5,5,5,1,3,1,5,5,1,1,5,3,4,"male",5,"No-Intence","Costly",5,4.58333333333333,1,0
"102",38,1,3,4,2,4,4,2,2,5,4,4,4,4,4,2,3,4,3,3,4,3,3,3,3,2,3,2,3,4,4,3,2,2,1,4,4,1,1,4,4,4,"female",6,"No-Intence","Non-Costly",3.5,3.83333333333333,0,0
"103",26,1,2,2,1,5,1,1,1,5,3,5,3,4,1,4,3,1,1,4,4,4,2,3,1,4,3,1,1,3,4,3,4,3,1,4,4,1,1,4,4,4,"male",6,"Intence","Costly",4.4,3.91666666666667,1,1
"104",37,1,3,5,3,5,5,1,1,3,5,5,3,3,1,5,5,1,1,5,5,5,3,1,3,3,3,3,3,3,3,3,5,5,5,2,2,5,5,2,4,5,"male",11,"No-Intence","Non-Costly",3.5,4,0,0
"105",35,1,4,4,3,4,4,3,2,3,4,3,5,5,3,4,3,3,2,4,4,3,2,2,2,3,3,1,1,2,4,3,3,4,1,3,4,1,2,5,5,5,"female",6,"Intence","Non-Costly",3.8,3.75,0,1
"106",36,4,4,4,3,3,3,4,1,3,5,4,5,5,5,1,1,5,1,1,1,1,5,5,4,2,2,4,2,3,2,2,5,5,5,1,1,5,2,2,3,2,"male",4,"No-Intence","Non-Costly",2.25,2.41666666666667,0,0
"107",40,1,2,3,2,3,3,2,2,4,4,4,4,4,2,3,3,2,2,3,2,3,3,4,2,3,4,2,2,4,4,4,2,2,2,2,3,2,2,3,3,3,"male",6,"No-Intence","Costly",3.6,3.41666666666667,1,0
"108",26,4,4,4,4,4,3,4,3,3,4,4,4,4,4,3,3,4,3,3,4,3,4,4,3,3,3,4,3,3,5,3,4,4,4,3,2,4,3,3,4,3,"female",6,"Intence","Non-Costly",2.65,3.5,0,1
"109",29,1,1,2,1,5,5,1,1,5,3,5,3,3,4,3,1,4,2,1,2,1,3,4,1,3,3,3,1,3,4,2,2,3,2,4,4,2,1,4,4,4,"male",6,"Intence","Costly",3.85,3.16666666666667,1,1
"110",38,4,2,4,2,4,3,1,2,4,5,3,2,4,1,4,5,1,1,4,4,4,1,5,1,4,5,1,3,5,5,3,1,1,1,5,5,1,1,4,4,4,"male",6,"No-Intence","Non-Costly",4.55,4.08333333333333,0,0
"111",38,1,4,4,3,2,3,3,1,3,4,3,5,5,4,1,1,4,1,2,2,1,4,4,4,2,2,4,1,2,2,2,3,4,3,3,3,2,1,3,3,3,"male",9,"No-Intence","Non-Costly",2.9,2.5,0,0
"112",32,1,2,1,1,5,5,1,1,3,1,1,4,3,3,4,4,3,1,3,4,4,3,2,1,5,5,1,1,4,3,4,3,5,1,2,4,2,1,4,5,4,"male",6,"No-Intence","Non-Costly",4.45,3.33333333333333,0,0
"113",37,1,2,2,2,3,3,1,2,3,3,3,1,2,1,4,4,1,1,3,1,3,1,2,1,3,3,1,1,3,2,2,2,3,2,3,3,2,1,3,3,2,"male",7,"No-Intence","Non-Costly",4.1,2.58333333333333,0,0
"114",31,1,5,5,3,2,2,4,3,4,4,4,4,5,4,2,2,4,3,2,3,3,5,5,5,2,2,4,4,3,4,3,5,5,5,2,2,4,3,2,3,3,"male",6,"Intence","Costly",2.1,3.16666666666667,1,1
"115",36,1,1,2,1,4,5,1,1,3,3,4,3,4,2,3,3,2,2,3,4,3,1,4,1,3,3,1,2,2,4,3,3,5,2,1,3,3,3,3,4,3,"male",6,"No-Intence","Costly",3.8,3.25,1,0
"116",31,1,5,5,3,3,4,3,2,5,5,5,4,5,5,2,2,5,4,2,2,2,5,5,4,3,3,4,2,4,4,4,5,4,4,2,2,4,4,3,3,2,"female",12,"Intence","Costly",2.45,3.41666666666667,1,1
"117",34,4,4,4,3,2,2,3,3,2,2,2,2,3,2,4,4,2,2,4,4,3,2,4,3,3,3,2,1,2,4,2,2,4,2,4,4,2,2,5,5,5,"female",7,"Intence","Non-Costly",3.55,3.33333333333333,0,1
"118",34,3,4,4,3,3,3,4,2,4,4,4,3,3,2,4,4,3,2,3,3,3,3,3,3,3,3,3,2,4,3,4,3,4,3,3,3,4,3,3,4,4,"female",6,"Intence","Costly",3.2,3.58333333333333,1,1
"119",33,3,3,4,2,3,3,3,3,4,4,4,4,4,3,3,3,3,3,4,4,3,3,3,2,3,3,2,2,3,4,3,2,3,2,4,4,2,2,4,4,4,"female",7,"No-Intence","Costly",3.45,3.75,1,0
"120",32,3,3,2,3,4,4,2,1,4,4,4,3,4,1,3,4,1,1,4,5,4,5,4,3,3,4,2,2,4,5,5,2,2,1,4,4,1,1,4,5,4,"female",6,"No-Intence","Non-Costly",4.15,4.33333333333333,0,0
"121",32,3,3,4,3,4,3,2,2,3,4,3,4,4,3,3,4,3,2,3,4,3,4,4,3,2,3,3,3,3,2,3,4,5,3,3,2,3,3,3,5,2,"female",7,"No-Intence","Non-Costly",3.15,3.16666666666667,0,0
"122",38,3,1,1,1,4,5,1,1,4,3,4,3,3,3,4,2,3,2,3,4,3,2,3,2,2,4,3,3,4,3,4,1,2,1,4,5,1,1,4,3,4,"male",6,"No-Intence","Costly",4,3.58333333333333,1,0
"123",28,1,2,3,2,4,4,2,2,4,4,4,3,4,2,4,4,2,2,3,3,4,3,3,2,3,4,3,3,3,4,3,4,4,3,3,3,3,3,4,4,3,"male",6,"No-Intence","Costly",3.6,3.58333333333333,1,0
"124",36,1,3,3,3,3,3,3,3,2,4,3,3,4,3,3,3,3,2,3,4,3,2,3,3,3,3,3,3,3,4,3,4,4,3,2,3,3,3,3,3,3,"male",7,"No-Intence","Costly",3,3.16666666666667,1,0
"125",37,1,2,4,1,5,5,1,2,4,5,4,2,3,1,5,5,1,1,4,5,4,2,4,1,5,5,1,1,5,4,5,3,3,2,4,4,2,2,4,4,4,"male",6,"No-Intence","Costly",4.7,4.33333333333333,1,0
"126",32,3,4,5,1,4,5,1,1,5,5,5,5,5,1,4,5,2,1,4,5,5,3,4,2,4,4,1,1,4,5,5,4,5,2,4,4,2,1,5,5,4,"female",6,"No-Intence","Costly",4.5,4.75,1,0
"127",26,1,3,4,2,4,4,3,2,5,5,5,5,4,2,3,3,3,2,3,5,3,4,5,3,3,3,3,2,4,4,4,3,3,2,2,3,3,2,3,4,3,"male",6,"Intence","Costly",3.4,4,1,1
"128",39,1,4,4,2,4,3,3,2,5,5,5,4,5,2,3,4,3,2,4,5,4,4,4,3,2,3,4,3,3,4,3,3,4,4,2,2,4,3,2,3,2,"male",8,"Intence","Costly",3,3.75,1,1
"129",27,3,4,4,3,4,4,3,2,5,5,5,4,4,4,4,4,3,3,4,5,4,5,5,5,2,5,5,4,3,5,3,5,4,4,3,3,5,3,3,4,3,"female",6,"Intence","Costly",2.85,4.08333333333333,1,1
"130",32,4,2,2,1,5,5,1,1,5,4,5,3,4,1,5,3,1,1,5,3,5,1,2,1,5,5,1,1,5,5,4,2,3,1,4,4,2,1,5,4,4,"female",6,"No-Intence","Costly",4.75,4.5,1,0
"131",39,2,3,4,2,3,4,3,2,3,3,3,4,4,3,3,4,3,2,3,3,2,3,4,3,3,3,3,2,3,3,3,4,4,2,3,3,3,2,4,5,4,"female",6,"Intence","Non-Costly",3.4,3.25,0,1
"132",31,1,4,3,2,5,4,2,3,3,4,3,4,5,4,2,3,4,1,3,2,2,2,3,3,2,3,4,1,3,4,2,5,5,4,1,3,4,1,2,1,1,"male",11,"Intence","Costly",3.1,2.5,1,1
"133",26,2,5,5,3,3,3,3,3,3,3,3,5,4,3,3,3,4,3,3,3,3,4,5,3,2,3,4,3,4,2,3,4,4,4,4,4,3,4,4,3,3,"female",5,"Intence","Costly",2.85,3.08333333333333,1,1
"134",37,4,4,4,2,3,4,3,2,4,3,3,3,4,3,2,3,3,2,2,2,2,4,4,4,3,3,4,2,2,2,2,3,4,2,3,3,3,2,4,4,3,"male",7,"Intence","Non-Costly",3.2,2.75,0,1
"135",40,2,3,4,2,4,4,2,1,5,5,5,4,4,3,4,3,3,1,4,4,3,4,4,2,4,5,1,1,5,5,5,2,3,1,4,4,1,1,5,4,5,"female",6,"No-Intence","Costly",4.25,4.58333333333333,1,0
"136",38,4,1,1,1,5,5,1,1,3,4,4,4,4,4,3,3,4,3,2,2,3,2,2,2,4,4,2,2,4,4,4,1,3,1,4,5,1,1,4,4,4,"male",6,"No-Intence","Non-Costly",4.1,3.5,0,0
"137",34,3,3,3,2,4,4,1,1,3,4,3,4,4,2,3,3,2,2,3,4,3,4,4,3,3,3,3,2,3,4,3,4,4,2,3,3,3,1,3,3,3,"female",6,"Intence","Non-Costly",3.7,3.25,0,1
"138",33,3,3,4,2,3,3,2,2,3,4,3,3,3,2,4,4,2,1,3,4,4,3,2,2,4,4,2,2,3,4,4,2,2,2,4,4,2,2,3,3,3,"male",2,"No-Intence","Costly",3.95,3.41666666666667,1,0
"139",39,4,3,4,2,3,3,2,1,5,5,5,4,5,3,3,3,3,1,3,4,4,4,3,1,5,5,1,1,4,4,4,2,4,1,4,4,1,1,4,5,4,"female",6,"Intence","Costly",4.2,4.25,1,1
"140",31,1,2,3,2,4,4,3,2,3,4,3,3,2,2,4,4,2,1,3,3,3,3,4,4,2,2,5,2,3,4,2,4,4,3,2,3,4,2,2,3,3,"female",6,"Intence","Non-Costly",3.25,3,0,1
"141",38,1,3,3,1,5,5,1,1,5,2,4,4,4,1,4,5,1,1,4,4,4,5,5,5,1,1,5,3,1,1,1,2,5,2,3,3,2,1,3,5,4,"male",4,"Intence","Non-Costly",3.75,3.16666666666667,0,1
"142",40,3,2,3,1,2,4,4,1,3,3,2,3,2,3,3,4,3,2,3,4,3,2,3,2,2,3,3,2,2,2,2,4,4,4,3,3,4,2,2,3,2,"female",3,"No-Intence","Non-Costly",3.25,2.58333333333333,0,0
"143",38,3,3,4,2,4,4,2,2,5,5,5,4,4,2,4,4,2,2,5,5,5,4,4,2,4,4,2,2,5,5,5,4,4,3,3,3,4,3,3,4,3,"male",6,"Intence","Costly",3.7,4.58333333333333,1,1
"144",34,4,1,3,1,5,5,1,1,5,3,5,3,4,2,3,3,2,1,4,4,4,1,4,1,4,4,1,1,4,4,4,3,5,3,2,3,4,1,3,5,3,"male",4,"No-Intence","Non-Costly",4.1,4,0,0
"145",35,1,3,4,2,4,4,2,2,4,4,5,3,3,3,3,4,3,2,4,4,3,3,4,2,4,4,3,3,4,4,4,4,5,4,3,3,4,3,4,5,3,"male",6,"Intence","Costly",3.4,4,1,1
"146",40,3,2,2,1,5,5,1,1,5,5,5,3,3,3,3,3,3,3,3,2,3,2,2,2,4,4,2,1,4,4,4,3,4,3,2,2,3,3,2,3,3,"male",6,"Intence","Costly",3.7,3.58333333333333,1,1
"147",37,4,4,4,2,4,3,2,3,4,4,4,4,4,3,3,3,4,3,4,5,4,2,3,3,4,3,2,2,4,5,4,5,5,4,3,3,3,2,4,5,4,"female",6,"No-Intence","Costly",3.25,4.25,1,0
"148",38,3,1,4,1,5,5,1,1,5,3,5,3,4,1,4,4,1,1,4,4,4,1,2,1,4,4,1,1,3,3,3,4,4,3,4,4,3,1,4,4,4,"male",6,"No-Intence","Non-Costly",4.5,3.83333333333333,0,0
"149",32,1,1,2,3,2,3,4,2,3,3,3,3,4,2,3,4,3,2,4,2,4,4,3,2,3,4,3,2,4,3,4,3,2,2,2,4,2,1,3,2,3,"male",12,"No-Intence","Costly",3.45,3.16666666666667,1,0
"150",36,2,4,5,5,3,3,5,1,4,4,4,3,4,2,4,4,2,1,5,5,4,3,5,3,4,3,3,1,5,5,4,2,4,1,4,4,1,1,5,5,5,"female",7,"Intence","Costly",3.75,4.58333333333333,1,1
"151",36,1,1,2,2,4,3,2,2,4,3,3,4,4,2,2,2,4,2,2,2,2,3,2,2,3,3,2,2,2,2,2,3,2,2,3,3,3,2,3,3,3,"male",6,"No-Intence","Non-Costly",3.4,2.58333333333333,0,0
"152",34,1,3,5,2,2,2,4,2,2,4,3,5,5,4,2,2,5,2,2,3,2,2,2,1,3,3,2,2,3,4,4,4,3,3,2,2,4,3,1,3,1,"male",8,"No-Intence","Non-Costly",2.8,2.66666666666667,0,0
"153",39,3,4,4,2,3,3,3,3,4,5,4,5,5,4,2,2,4,3,2,3,2,3,4,4,2,2,4,3,2,2,2,2,4,3,3,3,3,2,3,4,3,"male",7,"Intence","Non-Costly",2.7,3,0,1
"154",37,1,1,3,1,5,5,1,1,5,4,4,3,3,2,5,4,1,1,4,4,4,1,4,1,4,4,1,1,5,4,4,1,3,1,4,4,1,1,5,4,4,"male",10,"No-Intence","Non-Costly",4.7,4.25,0,0
"155",27,1,3,4,1,5,5,2,1,5,4,5,2,3,1,5,5,2,1,5,5,5,2,3,2,3,3,2,2,3,4,4,3,5,3,2,2,3,3,2,2,2,"male",6,"Intence","Non-Costly",3.95,3.83333333333333,0,1
"156",40,1,3,4,2,4,4,4,1,4,4,4,4,4,2,5,5,3,1,4,4,4,3,4,2,5,4,2,3,4,4,4,3,4,3,4,4,3,2,4,3,4,"female",6,"Intence","Non-Costly",3.95,3.91666666666667,0,1
"157",21,4,3,4,1,4,5,2,1,5,4,4,4,4,2,4,4,2,2,3,3,4,4,5,4,2,2,4,3,2,2,3,2,3,2,4,4,2,1,4,5,4,"female",7,"No-Intence","Non-Costly",3.75,3.58333333333333,0,0
"158",35,1,2,4,2,4,4,2,2,3,3,4,4,4,3,3,3,3,2,3,2,3,2,3,2,4,5,2,2,5,4,5,4,4,4,2,3,3,2,3,3,3,"female",7,"Intence","Non-Costly",3.55,3.41666666666667,0,1
"159",27,3,4,4,2,5,4,3,1,4,5,5,3,4,1,5,4,1,1,5,5,5,5,5,3,4,2,5,1,4,5,4,4,5,3,3,3,5,1,4,5,3,"female",6,"Intence","Costly",3.75,4.5,1,1
"160",40,3,1,1,1,5,5,1,1,3,3,2,3,3,1,5,5,1,1,2,2,1,5,4,4,3,2,4,4,1,4,1,4,5,3,2,1,4,2,4,5,3,"female",5,"Intence","Non-Costly",3.65,2.58333333333333,0,1
"161",36,4,1,3,1,3,3,1,1,3,5,3,2,3,1,2,3,1,3,1,3,1,3,3,3,1,2,2,2,2,2,2,2,5,3,1,1,2,2,3,4,2,"male",6,"Intence","Non-Costly",3.3,2.58333333333333,0,1
"162",33,1,3,3,3,4,3,3,4,4,4,3,4,4,2,3,2,3,3,4,2,4,3,2,4,4,4,5,4,3,4,3,3,2,3,2,4,2,3,4,3,4,"male",11,"No-Intence","Costly",2.95,3.5,1,0
"163",35,3,2,4,1,4,5,1,1,4,5,4,3,4,2,4,4,2,1,3,4,3,2,3,1,4,5,1,1,4,4,4,3,5,2,3,4,2,1,3,5,4,"male",6,"No-Intence","Non-Costly",4.45,3.91666666666667,0,0
"164",21,1,5,5,5,3,3,5,4,3,4,3,5,5,5,3,3,5,4,3,4,3,5,5,5,3,3,5,4,3,4,3,5,5,5,3,2,5,4,3,4,3,"female",6,"Intence","Non-Costly",1.95,3.33333333333333,0,1
"165",25,1,2,4,1,5,5,1,1,5,5,5,4,4,2,3,4,2,2,4,4,3,2,4,3,3,3,2,1,3,5,3,4,4,3,3,3,3,2,4,5,4,"male",3,"Intence","Costly",3.9,4.16666666666667,1,1
"166",37,3,5,5,4,3,3,4,2,4,4,4,5,5,5,2,2,5,3,3,4,4,4,5,5,2,2,5,4,4,4,4,5,5,4,2,2,4,2,4,4,3,"female",6,"No-Intence","Costly",2.15,3.83333333333333,1,0
"167",31,4,2,3,3,4,5,1,1,5,3,5,3,4,2,5,5,2,1,5,3,4,5,5,2,5,4,2,1,5,3,5,2,4,2,4,4,2,1,4,5,4,"female",8,"Intence","Costly",4.4,4.25,1,1
"168",28,1,2,3,2,4,3,2,2,3,4,3,2,2,2,4,3,2,2,3,3,3,2,2,3,3,3,4,2,2,2,2,2,4,2,3,3,2,2,3,4,3,"male",8,"Intence","Costly",3.55,2.91666666666667,1,1
"169",36,3,2,3,2,4,4,2,2,4,5,4,3,4,2,3,3,2,2,3,4,3,2,4,2,3,3,2,2,2,4,3,2,4,2,3,4,2,2,4,5,4,"female",5,"Intence","Non-Costly",3.75,3.75,0,1
"170",38,1,2,3,1,4,5,2,1,5,5,5,5,5,3,3,3,4,2,4,4,4,5,5,2,4,4,3,2,5,5,5,3,4,2,4,4,2,3,4,3,4,"male",6,"No-Intence","Costly",3.8,4.41666666666667,1,0
"171",36,3,2,3,1,5,5,1,1,5,5,5,4,3,2,4,4,2,1,4,5,4,4,4,2,4,4,3,2,4,5,4,4,3,1,5,5,1,1,5,4,5,"male",7,"No-Intence","Costly",4.5,4.58333333333333,1,0
"172",36,3,2,3,1,5,5,2,1,5,5,5,5,5,2,2,4,3,1,4,5,4,5,5,4,2,2,4,4,3,5,4,3,4,2,4,4,3,1,4,5,4,"male",6,"No-Intence","Costly",3.6,4.41666666666667,1,0
"173",30,3,1,2,1,4,4,1,1,5,1,4,1,2,1,4,4,1,1,3,2,3,1,2,1,5,5,1,1,4,2,3,2,4,1,4,4,1,1,3,3,3,"male",6,"Intence","Non-Costly",4.7,3,0,1
"174",35,2,2,3,2,4,4,2,1,4,4,4,4,4,2,5,4,2,2,4,4,4,4,5,3,4,4,3,2,4,5,4,4,5,4,4,4,3,2,4,5,4,"male",8,"No-Intence","Non-Costly",3.85,4.16666666666667,0,0
"175",38,1,4,4,3,2,3,2,2,3,4,3,4,4,2,3,3,2,2,4,4,4,2,3,2,4,4,2,2,4,3,4,4,4,4,2,2,4,3,2,4,2,"male",9,"Intence","Non-Costly",3.25,3.41666666666667,0,1
"176",24,2,3,4,2,4,5,2,1,5,5,5,5,5,2,4,5,2,2,4,5,5,1,3,1,5,4,1,1,5,4,5,4,4,2,3,4,3,2,4,5,5,"female",8,"No-Intence","Costly",4.25,4.75,1,0
"177",35,3,3,3,2,4,4,2,2,4,3,3,3,3,2,4,4,2,2,4,3,4,2,2,2,4,4,2,2,4,3,4,2,2,2,4,4,1,2,4,4,4,"male",9,"Intence","Non-Costly",4.05,3.66666666666667,0,1
"178",28,1,2,2,2,3,3,1,2,3,4,3,2,2,2,3,4,2,2,3,4,2,2,3,3,2,3,3,3,3,4,2,5,5,5,2,2,4,3,4,5,2,"male",1,"No-Intence","Non-Costly",3.1,3.25,0,0
"179",27,4,4,4,3,3,3,3,3,3,4,4,4,4,2,3,3,2,2,3,4,3,2,3,2,4,4,2,2,3,4,4,2,2,2,4,4,2,2,3,3,3,"female",8,"No-Intence","Non-Costly",3.65,3.41666666666667,0,0
"180",34,2,3,4,3,2,3,3,1,4,3,3,3,5,1,4,4,3,1,3,5,4,3,5,3,3,4,3,1,3,3,3,3,4,2,4,4,2,1,4,5,4,"male",5,"Intence","Non-Costly",3.8,3.66666666666667,0,1
"181",34,1,3,4,3,4,4,3,2,3,3,3,3,2,3,3,2,3,2,2,3,2,3,5,3,3,3,3,3,2,4,3,3,4,3,3,3,3,2,3,4,3,"male",4,"Intence","Non-Costly",3.2,2.91666666666667,0,1
"182",37,1,3,4,3,3,3,2,3,3,4,4,4,4,3,3,3,4,3,3,3,2,4,4,3,3,3,3,3,4,4,3,4,3,4,2,4,4,3,3,3,3,"female",7,"No-Intence","Non-Costly",2.9,3.25,0,0
"183",39,1,3,4,3,4,5,3,2,5,5,5,3,4,2,5,5,2,2,5,5,5,3,4,2,5,5,2,2,5,5,5,3,4,3,3,4,2,3,4,4,4,"male",5,"No-Intence","Costly",4,4.75,1,0
"184",34,2,2,2,2,4,4,2,2,4,4,4,4,4,2,4,4,2,2,4,4,4,2,3,2,4,4,2,2,4,3,4,4,5,4,2,2,4,4,2,3,3,"male",4,"Intence","Costly",3.5,3.58333333333333,1,1
"185",34,1,2,4,1,5,5,1,1,5,5,5,1,2,1,5,4,1,1,3,4,3,2,4,1,4,4,1,1,4,4,4,2,3,2,4,4,1,2,3,4,4,"female",6,"Intence","Costly",4.65,4,1,1
"186",34,1,1,1,1,5,5,1,1,1,1,1,1,1,1,5,5,1,1,1,1,1,4,4,2,4,4,2,2,4,2,4,1,1,1,5,5,1,1,1,1,1,"male",3,"No-Intence","Non-Costly",4.75,1.58333333333333,0,0
"187",32,4,2,4,2,4,4,4,2,4,5,4,3,4,2,4,4,2,2,5,4,4,5,5,5,2,2,5,4,4,5,5,4,3,2,4,4,2,2,4,4,5,"female",6,"No-Intence","Non-Costly",3.3,4.41666666666667,0,0
"188",38,4,2,3,2,4,4,2,2,4,4,4,4,4,3,4,4,3,2,3,3,3,3,4,3,3,3,3,2,3,3,3,2,3,2,4,4,2,2,4,4,4,"male",7,"Intence","Costly",3.7,3.5,1,1
"189",37,1,4,5,2,4,4,2,1,5,5,4,4,4,3,3,2,3,2,3,4,2,5,4,3,3,2,4,2,4,5,4,3,4,2,4,4,2,1,5,5,5,"female",6,"Intence","Costly",3.55,4.25,1,1
"190",37,1,1,1,5,4,5,5,1,3,5,5,4,4,2,4,4,2,2,4,4,4,3,3,3,2,3,3,3,3,3,3,2,3,1,4,4,1,1,4,4,3,"male",3,"No-Intence","Costly",3.65,3.75,1,0
"191",38,1,3,3,1,5,5,1,1,5,5,5,2,2,3,4,3,2,2,4,4,4,2,2,2,2,4,2,2,4,3,4,1,1,1,4,4,1,1,4,4,4,"male",6,"Intence","Costly",4.2,4.16666666666667,1,1
"192",35,4,2,2,1,4,4,2,1,3,3,3,1,2,3,2,3,3,2,1,2,1,4,5,4,2,2,3,3,2,3,3,2,4,1,3,4,2,1,2,4,2,"male",8,"No-Intence","Non-Costly",3.5,2.41666666666667,0,0
"193",38,3,1,3,1,5,5,1,1,5,5,5,2,4,1,5,5,1,1,5,5,4,1,2,1,5,5,1,1,5,5,5,1,4,1,4,4,1,1,4,5,4,"male",6,"Intence","Costly",4.9,4.75,1,1
"194",35,1,2,4,2,5,5,2,1,5,5,5,3,5,2,4,4,2,2,3,3,4,4,4,4,2,3,5,3,1,5,2,3,4,1,5,4,2,1,5,4,5,"male",9,"Intence","Non-Costly",3.85,3.91666666666667,0,1
"195",36,1,4,4,4,3,4,4,2,3,4,4,4,4,3,2,2,3,2,3,2,2,3,4,4,3,3,4,3,3,4,3,4,4,4,4,3,4,3,3,4,4,"female",6,"Intence","Costly",2.8,3.25,1,1
"196",34,1,3,3,2,4,3,2,1,4,4,3,3,4,2,5,4,1,1,4,4,4,2,4,2,3,2,2,2,3,3,2,3,4,2,3,3,2,2,3,4,3,"female",7,"Intence","Non-Costly",3.9,3.41666666666667,0,1
"197",39,4,2,4,1,5,5,2,1,5,5,5,2,5,2,4,5,2,2,5,5,5,2,4,2,5,5,2,1,5,5,5,4,4,2,4,5,1,1,5,5,5,"female",6,"Intence","Costly",4.55,5,1,1
"198",31,4,4,5,4,2,4,4,2,2,5,2,5,5,4,2,4,4,2,4,5,4,4,4,2,4,2,3,2,4,5,2,2,2,2,4,4,2,1,4,5,4,"female",6,"No-Intence","Non-Costly",3.3,3.83333333333333,0,0
"199",40,1,1,3,1,4,3,3,1,4,1,5,4,5,3,3,1,4,1,3,3,4,5,5,5,1,2,5,5,1,5,1,4,5,4,1,1,4,1,3,3,3,"male",6,"Intence","Non-Costly",2.55,3,0,1
"200",30,2,3,2,2,5,5,1,1,4,4,4,2,3,2,5,5,1,2,4,5,5,4,4,1,5,5,1,1,5,5,5,5,5,3,5,3,1,1,5,5,5,"female",8,"Intence","Non-Costly",4.65,4.66666666666667,0,1
"201",38,4,1,3,1,4,5,3,1,5,5,4,4,4,4,2,2,4,2,2,2,1,3,3,4,2,2,5,2,3,2,2,3,3,2,4,5,3,1,5,5,5,"male",1,"Intence","Non-Costly",3.3,3.41666666666667,0,1
"202",37,4,2,2,1,5,5,1,1,5,4,5,3,3,3,4,3,3,1,4,4,3,4,4,3,3,3,3,1,3,5,4,2,3,1,4,4,2,1,4,4,5,"female",6,"No-Intence","Costly",4.1,4.16666666666667,1,0
"203",32,3,3,4,3,4,4,3,3,4,4,4,5,5,4,3,2,4,3,2,5,3,3,4,3,4,3,3,3,4,4,4,4,5,3,2,2,4,3,3,5,3,"female",7,"No-Intence","Costly",2.85,3.75,1,0
"204",35,3,4,5,2,4,4,2,2,4,5,4,4,4,3,3,3,2,2,4,3,3,4,5,3,3,4,3,2,3,3,3,3,4,2,4,4,2,2,4,4,4,"male",7,"Intence","Non-Costly",3.7,3.66666666666667,0,1
"205",36,1,3,3,2,4,3,3,1,3,3,3,4,4,4,2,2,4,2,3,1,4,5,5,5,1,1,5,3,1,1,1,3,4,3,3,3,3,3,2,2,3,"male",9,"Intence","Non-Costly",2.65,2.25,0,1
"206",33,3,2,4,1,3,5,1,1,4,3,4,4,5,3,3,4,2,2,4,1,2,3,4,4,2,2,4,2,1,1,1,4,4,1,3,4,2,1,3,5,3,"male",5,"Intence","Non-Costly",3.7,2.66666666666667,0,1
"207",38,1,3,3,2,3,4,2,2,3,2,3,4,4,4,2,2,4,3,3,5,2,3,2,3,3,2,3,3,3,4,3,4,4,3,3,3,3,3,3,5,3,"male",3,"Intence","Non-Costly",2.95,3.25,0,1
"208",38,4,4,4,3,3,3,3,3,5,4,5,5,5,1,3,4,1,3,3,4,3,4,4,4,2,3,3,4,3,4,3,3,4,2,4,3,2,2,4,4,3,"female",6,"Intence","Costly",3.3,3.75,1,1
"209",40,4,1,3,1,5,5,1,1,5,5,5,4,5,3,2,2,3,3,3,3,3,3,4,3,2,2,3,3,4,3,4,2,2,1,4,4,2,1,5,3,5,"male",7,"No-Intence","Costly",3.65,4,1,0
"210",25,1,4,4,4,2,2,4,4,3,5,3,4,5,4,4,2,5,4,3,3,3,4,4,3,2,3,4,3,3,4,3,5,4,5,1,3,5,4,3,4,3,"female",12,"Intence","Costly",2.1,3.33333333333333,1,1
"211",37,3,3,4,2,4,4,2,2,4,3,4,4,4,4,3,3,4,3,4,3,3,4,4,4,2,3,4,4,3,3,2,3,4,2,4,4,3,2,4,4,4,"male",7,"Intence","Costly",3.15,3.41666666666667,1,1
"212",30,3,1,1,1,5,5,1,1,5,3,5,1,2,1,5,5,1,1,4,4,4,1,2,1,5,5,1,1,5,5,5,1,3,1,4,4,1,1,4,5,5,"male",3,"No-Intence","Non-Costly",4.9,4.5,0,0
"213",40,2,1,4,1,5,4,1,1,4,4,4,2,2,2,5,5,2,2,2,4,3,2,4,1,5,4,2,1,4,4,4,3,3,3,3,3,3,3,4,3,3,"female",3,"No-Intence","Non-Costly",4.2,3.58333333333333,0,0
"214",40,1,5,5,2,3,3,2,3,4,5,4,5,5,2,4,4,2,2,4,5,5,2,4,2,4,4,2,2,4,4,4,2,5,2,3,4,3,3,3,5,3,"female",6,"Intence","Costly",3.7,4.16666666666667,1,1
"215",29,2,1,2,1,5,5,1,1,5,4,4,4,4,1,5,5,1,1,4,4,4,2,4,1,4,5,1,1,5,5,4,1,3,1,5,5,1,1,5,4,5,"female",5,"No-Intence","Costly",4.95,4.41666666666667,1,0
"216",39,4,5,5,5,2,2,5,4,2,4,1,4,4,4,1,2,5,5,2,3,2,4,4,5,2,2,5,5,2,2,1,4,4,4,2,2,5,4,2,4,2,"female",5,"No-Intence","Non-Costly",1.55,2.25,0,0
"217",29,1,2,2,1,5,5,1,1,5,5,5,3,3,1,5,5,1,1,5,5,5,2,4,2,4,5,2,1,5,4,5,5,5,3,3,3,3,2,4,4,4,"female",6,"Intence","Costly",4.4,4.66666666666667,1,1
"218",38,1,2,4,4,2,2,2,3,2,2,2,3,2,2,2,3,3,2,2,2,2,2,2,2,4,4,2,2,4,4,4,2,2,2,4,4,2,2,5,4,4,"female",3,"Intence","Non-Costly",3.45,3.08333333333333,0,1
"219",40,2,1,3,2,2,5,1,3,3,4,4,1,5,3,3,4,1,1,4,4,4,2,4,4,2,4,3,1,3,2,3,1,1,3,3,4,1,1,3,4,3,"male",7,"Intence","Costly",3.75,3.41666666666667,1,1
"220",36,1,2,4,1,4,4,1,1,4,5,3,4,5,3,4,4,3,1,4,5,3,5,5,4,2,3,4,3,2,5,2,5,5,3,2,3,4,3,3,5,3,"male",6,"Intence","Non-Costly",3.35,3.66666666666667,0,1
"221",30,1,2,3,3,4,2,2,2,5,4,4,4,4,3,2,3,3,3,3,2,3,4,4,3,3,3,2,2,3,5,2,2,2,1,3,2,2,1,4,5,4,"female",6,"Intence","Costly",3.35,3.66666666666667,1,1
"222",30,4,2,3,2,4,3,3,2,4,4,3,5,5,4,2,3,4,3,3,4,3,3,4,3,3,3,3,3,2,5,3,3,4,3,3,3,3,3,3,5,3,"female",6,"No-Intence","Non-Costly",3,3.5,0,0
"223",35,1,1,2,1,5,5,1,1,5,5,5,2,4,1,4,5,1,1,4,5,4,1,4,1,3,4,1,1,4,5,5,2,4,1,4,5,1,1,4,5,5,"male",4,"No-Intence","Costly",4.75,4.66666666666667,1,0
"224",25,1,1,2,1,4,4,1,1,5,5,4,4,4,4,2,2,4,1,2,2,2,3,4,1,3,4,1,1,4,5,4,4,5,3,2,3,3,1,3,4,4,"female",6,"Intence","Costly",3.7,3.66666666666667,1,1
"225",31,1,1,1,1,5,5,1,1,3,3,2,3,3,2,4,4,2,1,2,2,2,3,4,2,2,3,2,2,4,4,4,3,5,3,2,2,3,3,2,5,2,"male",7,"Intence","Non-Costly",3.8,2.91666666666667,0,1
"226",27,2,3,3,3,3,3,3,3,3,3,3,3,3,3,3,3,3,3,3,3,3,4,3,3,4,3,4,3,4,4,3,3,3,2,2,3,3,3,3,2,2,"female",6,"No-Intence","Non-Costly",3,3,0,0
"227",38,3,2,4,1,4,4,1,1,4,4,5,4,4,3,4,4,2,1,4,5,4,3,4,2,3,3,2,2,4,5,4,2,3,1,3,4,1,1,4,5,4,"female",12,"No-Intence","Costly",4.15,4.33333333333333,1,0
"228",38,4,4,4,3,3,3,4,3,3,4,3,4,4,4,2,2,4,3,2,2,3,3,3,3,3,4,3,3,4,4,3,4,4,4,2,4,4,4,3,4,3,"female",8,"Intence","Non-Costly",2.65,3.16666666666667,0,1
"229",33,3,3,4,1,3,3,2,1,2,2,3,4,5,2,3,3,2,1,3,4,4,4,4,3,2,2,3,3,2,3,2,3,4,1,4,4,2,2,3,4,4,"male",7,"No-Intence","Non-Costly",3.65,3,0,0
"230",33,1,4,4,3,4,3,3,4,3,4,3,4,4,3,4,4,4,4,3,4,4,4,3,3,3,4,3,3,4,4,4,4,3,4,3,4,4,4,4,4,3,"male",8,"No-Intence","Non-Costly",2.95,3.66666666666667,0,0
"231",38,2,3,3,3,3,3,3,3,3,2,3,3,4,3,4,4,3,1,3,3,3,3,4,4,1,1,4,4,1,4,1,3,4,2,3,3,2,2,3,3,3,"female",6,"No-Intence","Non-Costly",3,2.66666666666667,0,0
"232",34,1,4,4,4,3,3,3,3,4,4,4,3,4,2,2,4,3,2,4,4,4,4,4,3,3,3,3,2,3,3,3,4,4,3,2,3,3,3,4,4,3,"male",9,"No-Intence","Costly",3.05,3.66666666666667,1,0
"233",36,4,4,4,2,4,4,2,2,4,4,4,4,5,4,3,3,3,4,3,4,3,3,4,3,4,4,2,2,3,4,3,4,5,3,3,3,3,3,3,5,3,"female",5,"Intence","Non-Costly",3.35,3.58333333333333,0,1
"234",35,1,3,3,2,4,4,2,2,4,4,4,4,5,4,4,4,4,4,3,4,4,2,3,1,4,4,1,1,5,5,4,4,4,2,4,4,2,1,4,5,4,"female",6,"No-Intence","Non-Costly",3.9,4.16666666666667,0,0
"235",37,2,1,3,2,5,4,2,1,3,4,4,3,4,3,3,3,3,2,3,4,3,3,3,2,4,3,2,1,4,4,4,1,3,1,4,4,1,1,4,4,4,"male",9,"No-Intence","Costly",4.05,3.75,1,0
"236",23,4,3,4,1,4,4,2,2,5,5,5,3,2,4,3,4,2,3,4,4,4,4,5,4,3,2,4,4,3,4,3,5,4,4,2,2,4,2,4,4,4,"male",7,"Intence","Costly",3,4.08333333333333,1,1
"237",39,1,4,4,3,3,3,3,3,3,4,4,4,4,3,3,3,3,3,3,3,3,3,3,3,3,3,3,3,3,4,3,2,3,2,4,4,2,2,4,4,4,"male",6,"Intence","Costly",3.25,3.5,1,1
"238",32,3,4,4,2,4,4,2,2,4,4,4,4,4,2,4,3,2,2,4,4,4,4,4,3,3,3,4,2,3,4,3,4,4,2,4,4,2,2,4,4,4,"female",6,"Intence","Costly",3.7,3.83333333333333,1,1
"239",38,4,2,3,2,4,5,3,2,5,2,3,4,4,4,2,2,4,3,2,4,2,1,2,1,5,5,1,1,3,3,3,3,4,3,3,3,3,2,5,5,5,"female",7,"Intence","Non-Costly",3.6,3.5,0,1
"240",40,1,3,4,1,4,4,2,2,4,3,4,4,4,3,3,4,3,2,2,3,2,4,4,3,3,2,3,4,4,4,3,3,4,4,1,2,4,2,2,3,2,"male",7,"Intence","Costly",3.1,3,1,1
"241",32,1,5,4,4,2,3,4,1,4,4,3,4,4,1,3,4,3,1,4,3,3,4,4,4,3,3,4,2,2,4,4,4,5,2,3,3,4,2,3,5,2,"male",6,"Intence","Non-Costly",3.2,3.41666666666667,0,1
"242",23,3,4,3,3,4,3,3,3,4,3,4,3,3,3,3,3,3,1,4,4,4,3,4,4,2,2,4,3,3,4,2,3,3,3,3,3,3,2,3,4,3,"female",6,"No-Intence","Costly",3,3.5,1,0
"243",40,1,2,4,2,3,4,2,2,4,5,4,4,5,2,2,3,3,2,3,4,2,2,3,1,4,5,1,2,5,4,4,5,5,4,1,2,5,2,2,4,2,"male",8,"Intence","Costly",3.4,3.58333333333333,1,1
"244",39,1,1,5,2,1,2,3,1,3,5,3,2,5,2,1,3,2,1,3,5,4,3,4,2,2,4,2,1,5,4,5,3,4,2,3,5,1,3,5,4,4,"male",3,"Intence","Costly",3.55,4.16666666666667,1,1
"245",40,1,1,2,1,5,4,1,1,4,4,5,3,3,2,4,4,1,2,4,3,3,4,4,4,2,2,4,2,3,2,3,4,4,1,4,4,2,2,4,4,4,"male",6,"Intence","Costly",3.9,3.58333333333333,1,1
"246",33,2,3,4,2,4,4,3,3,4,4,4,4,4,4,3,3,3,3,3,2,2,2,3,3,4,3,3,3,4,4,4,4,4,4,2,2,4,3,2,4,3,"male",6,"No-Intence","Non-Costly",2.95,3.33333333333333,0,0
"247",35,4,1,4,2,3,4,3,3,4,2,4,4,5,4,3,2,4,2,3,1,3,4,4,3,2,2,4,2,3,2,3,2,3,2,4,4,2,1,4,2,3,"female",4,"No-Intence","Non-Costly",3.2,2.83333333333333,0,0
"248",40,1,2,3,1,4,4,1,1,3,4,4,4,5,2,4,3,3,1,3,5,3,5,5,5,1,1,5,4,1,1,1,3,5,4,1,2,4,3,2,2,2,"female",9,"Intence","Non-Costly",2.9,2.58333333333333,0,1
"249",32,4,3,2,4,2,3,3,3,3,2,3,3,3,4,3,3,3,3,2,2,2,1,3,2,2,3,3,3,3,3,4,2,3,2,2,4,3,2,3,2,4,"male",3,"No-Intence","Costly",2.95,2.75,1,0
"250",32,1,3,4,3,3,3,4,4,4,4,4,4,4,3,3,4,4,4,4,4,4,3,4,4,4,4,3,2,4,4,4,4,4,4,3,4,4,3,4,3,4,"male",7,"Intence","Costly",2.9,3.91666666666667,1,1
"251",36,1,3,4,2,3,3,2,1,4,4,4,1,1,1,4,3,2,1,2,2,2,2,5,2,4,3,2,1,3,4,2,3,5,2,3,3,2,1,3,5,2,"male",7,"Intence","Non-Costly",3.95,3.08333333333333,0,1
"252",25,1,3,4,1,4,5,1,2,5,4,5,2,3,1,5,5,1,1,4,4,4,1,4,1,3,4,1,2,3,4,4,2,5,1,4,4,2,2,3,5,4,"male",5,"Intence","Non-Costly",4.5,4.08333333333333,0,1
"253",38,4,2,3,1,5,5,1,1,4,4,4,4,5,3,3,3,2,3,2,3,2,3,4,3,3,2,3,3,2,5,3,2,4,1,4,4,1,1,4,5,4,"female",6,"No-Intence","Non-Costly",3.9,3.5,0,0
"254",40,3,1,2,1,5,5,1,1,5,5,5,3,3,1,5,5,1,1,5,4,5,2,3,1,4,5,1,1,5,5,5,3,4,2,3,3,2,2,4,5,4,"male",6,"No-Intence","Costly",4.6,4.75,1,0
"255",40,3,4,4,4,3,2,3,2,3,4,3,1,2,1,4,4,1,1,3,2,2,5,5,3,4,4,3,3,3,5,4,2,3,2,4,4,2,1,3,5,4,"male",5,"Intence","Non-Costly",3.75,3.41666666666667,0,1
"256",32,1,2,3,1,5,4,2,1,3,3,3,4,4,3,2,3,3,3,3,5,3,2,3,2,3,4,2,2,3,4,3,4,5,4,2,3,3,2,2,4,3,"male",4,"Intence","Non-Costly",3.5,3.25,0,1
"257",33,4,2,4,2,4,4,2,1,5,5,5,5,5,2,3,4,3,2,4,5,4,4,4,4,2,2,4,3,3,5,3,4,5,4,3,2,4,3,2,5,3,"female",6,"No-Intence","Costly",3.1,4.08333333333333,1,0
"258",32,1,2,3,2,4,4,2,1,3,4,3,4,4,4,2,2,4,2,1,2,2,3,4,3,2,2,3,2,2,4,2,3,4,3,3,3,2,2,2,2,2,"male",8,"No-Intence","Non-Costly",3.2,2.41666666666667,0,0
"259",34,3,3,4,3,3,3,4,2,4,4,4,4,4,2,5,4,2,2,4,4,3,3,4,2,4,4,1,2,4,4,4,3,3,2,4,4,2,1,4,4,4,"male",6,"No-Intence","Non-Costly",3.9,3.91666666666667,0,0
"260",22,3,5,5,5,3,4,5,2,3,4,4,5,4,5,3,2,5,1,1,2,1,4,5,5,2,4,5,1,4,5,4,5,5,5,1,1,5,1,4,5,4,"male",3,"No-Intence","Non-Costly",2.35,3.41666666666667,0,0
"261",27,1,4,4,3,3,3,3,4,3,2,4,4,4,2,3,4,4,3,3,3,2,3,4,2,3,4,3,3,3,4,3,4,3,4,4,3,3,3,3,3,3,"male",9,"No-Intence","Non-Costly",3.1,3,0,0
"262",35,1,1,2,1,5,5,1,1,3,3,3,4,4,1,2,2,2,1,2,2,2,2,3,1,4,4,1,1,4,4,4,2,4,2,4,4,2,1,4,5,4,"male",6,"No-Intence","Non-Costly",4.35,3.33333333333333,0,0
"263",21,3,4,4,1,4,4,2,2,3,5,4,5,4,2,3,3,4,2,2,3,3,2,2,2,4,4,2,1,5,4,4,3,4,1,5,4,2,1,4,5,4,"male",5,"No-Intence","Non-Costly",4.05,3.83333333333333,0,0
"264",27,4,2,2,1,5,4,1,1,5,5,5,4,4,3,3,4,4,2,4,4,4,2,3,1,5,4,1,1,5,5,5,3,3,3,4,3,2,2,5,5,4,"unknown",12,"No-Intence","Non-Costly",4.1,4.66666666666667,0,0
"265",25,1,3,3,4,3,4,3,2,4,4,4,3,3,2,4,4,3,2,4,4,4,3,3,2,3,3,3,2,4,4,3,3,3,3,4,4,3,3,4,4,4,"female",6,"Intence","Non-Costly",3.45,3.91666666666667,0,1
"266",27,1,3,2,4,2,5,2,1,3,5,4,5,5,4,1,2,4,1,1,2,2,4,5,2,2,2,5,2,3,2,2,1,4,5,4,3,2,3,4,5,4,"female",5,"No-Intence","Non-Costly",2.9,3.08333333333333,0,0
"267",32,4,4,4,2,5,4,3,2,5,5,5,4,4,4,2,4,3,1,5,5,5,4,4,4,4,4,4,1,5,5,5,4,2,2,2,5,1,1,5,3,5,"female",12,"No-Intence","Costly",3.7,4.83333333333333,1,0
"268",40,1,2,2,1,4,4,1,1,4,2,4,3,4,2,4,3,2,2,4,2,4,1,2,1,4,4,1,1,3,3,3,1,2,1,4,4,1,1,4,2,3,"male",9,"No-Intence","Non-Costly",4.4,3.16666666666667,0,0
"269",32,1,4,5,3,2,3,4,2,4,4,3,4,3,2,4,4,3,1,3,4,3,5,5,5,2,2,5,3,2,3,3,5,5,5,1,1,5,3,1,2,1,"female",5,"Intence","Non-Costly",2.5,2.75,0,1
"270",21,4,3,4,3,4,3,2,2,4,4,4,5,4,4,2,4,4,4,3,4,2,3,2,3,2,3,2,2,3,4,3,5,4,4,3,2,4,2,3,4,3,"female",6,"No-Intence","Costly",2.95,3.41666666666667,1,0
"271",35,3,2,2,4,2,2,4,4,2,4,2,5,5,3,4,4,3,2,4,5,4,4,4,2,4,4,3,1,4,4,5,2,2,3,3,3,3,2,4,4,4,"male",6,"No-Intence","Costly",3.2,3.83333333333333,1,0
"272",30,1,2,3,2,5,4,1,4,5,5,5,4,5,2,4,4,2,2,4,4,5,4,4,2,4,4,2,2,5,4,4,3,3,2,4,4,2,3,4,4,4,"male",11,"Intence","Costly",3.95,4.41666666666667,1,1
"273",35,3,1,2,1,5,5,1,1,4,4,4,2,4,2,4,4,2,2,4,4,4,4,4,2,4,4,4,2,4,4,4,2,4,2,4,4,2,2,4,4,4,"male",6,"No-Intence","Costly",4.15,4,1,0
"274",32,1,3,5,2,4,4,2,2,5,4,5,4,5,2,4,5,2,2,5,5,5,2,5,3,3,4,3,2,4,3,4,4,5,2,4,4,2,2,5,5,4,"female",7,"No-Intence","Costly",3.9,4.5,1,0
"275",21,4,2,2,1,5,5,1,1,3,3,3,2,4,2,5,5,1,2,3,4,4,3,4,3,4,4,3,2,3,5,4,3,4,2,3,4,2,2,3,4,3,"male",6,"No-Intence","Non-Costly",4.25,3.5,0,0
"276",37,1,3,4,2,4,4,2,2,4,4,4,3,3,3,4,4,3,1,3,4,4,3,4,3,4,3,3,3,4,4,4,3,3,2,2,4,3,2,4,4,4,"male",6,"Intence","Non-Costly",3.6,3.91666666666667,0,1
"277",27,4,4,5,3,3,3,4,3,4,4,4,3,4,3,3,3,3,3,4,4,4,4,4,3,3,3,3,2,4,4,4,3,4,3,3,3,3,2,4,3,4,"male",6,"Intence","Costly",3.05,3.91666666666667,1,1
"278",32,1,2,4,2,1,4,4,3,5,3,2,2,3,2,3,2,1,1,3,4,4,3,2,4,2,2,1,2,3,1,5,2,1,2,3,3,4,1,4,1,2,"male",2,"No-Intence","Non-Costly",3.25,3.08333333333333,0,0
"279",33,1,5,3,2,4,1,2,1,4,3,2,4,5,3,5,2,2,1,4,4,4,3,3,1,4,5,1,1,4,5,3,3,4,4,2,4,4,4,4,1,2,"female",6,"Intence","Costly",3.65,3.33333333333333,1,1
"280",31,3,3,3,1,5,5,1,1,5,4,5,5,5,1,5,5,1,1,5,5,5,5,5,2,4,4,2,2,5,5,5,1,1,1,5,5,1,1,5,5,5,"male",6,"No-Intence","Costly",4.75,4.91666666666667,1,0
"281",40,3,1,1,1,4,5,1,1,5,5,5,2,5,3,4,4,3,2,4,5,4,4,5,3,3,3,3,3,3,5,4,2,3,2,3,4,2,1,4,5,5,"male",7,"No-Intence","Costly",3.85,4.5,1,0
"282",40,4,4,4,3,3,3,3,3,4,4,3,4,4,3,3,3,3,3,4,4,4,3,3,3,4,4,3,2,4,4,4,3,4,3,3,3,3,3,3,4,3,"female",6,"No-Intence","Costly",3.15,3.75,1,0
"283",36,4,3,5,2,4,5,3,1,5,5,5,4,3,1,5,5,1,2,5,5,5,4,5,3,5,4,4,2,5,5,5,5,5,4,2,3,5,3,4,5,2,"female",3,"Intence","Costly",3.7,4.66666666666667,1,1
"284",33,1,4,4,2,5,4,2,1,5,4,5,4,4,3,3,3,3,2,4,4,4,3,4,2,5,3,2,1,4,5,4,4,5,2,3,3,3,1,4,5,4,"male",6,"Intence","Costly",3.85,4.33333333333333,1,1
"285",38,3,4,5,3,3,3,4,3,3,4,2,4,5,2,4,3,3,1,3,4,3,3,5,1,3,3,1,1,3,3,4,2,3,1,4,4,1,1,4,3,3,"male",7,"Intence","Non-Costly",3.85,3.25,0,1
"286",30,3,2,2,3,2,2,3,3,2,2,4,4,4,3,3,3,3,4,4,3,3,2,1,2,4,2,4,3,2,4,2,2,2,2,2,3,2,2,4,4,4,"male",6,"No-Intence","Non-Costly",2.95,3.16666666666667,0,0
"287",21,1,1,1,1,5,5,1,1,4,4,3,5,5,3,2,2,2,3,2,3,2,4,4,2,3,4,3,2,3,4,3,5,5,3,4,3,4,2,3,5,3,"male",8,"No-Intence","Non-Costly",3.65,3.25,0,0
"288",31,1,3,4,1,4,4,2,1,4,4,4,3,4,4,3,3,2,2,3,4,4,3,3,2,4,4,1,1,4,4,4,2,3,2,4,4,2,1,4,5,4,"male",5,"Intence","Costly",4.05,4,1,1
"289",35,1,5,4,3,4,4,3,2,4,4,4,3,3,3,3,3,3,2,3,3,3,2,3,2,5,5,2,1,4,3,5,4,4,3,3,3,4,2,3,4,3,"male",8,"Intence","Costly",3.6,3.58333333333333,1,1
"290",38,3,4,5,2,5,5,2,1,4,5,5,3,4,3,3,3,4,2,2,2,2,1,2,1,4,4,1,1,3,4,3,3,2,2,4,3,2,1,5,4,5,"male",6,"No-Intence","Non-Costly",4.05,3.66666666666667,0,0
"291",27,1,3,3,1,4,5,4,1,4,5,5,3,3,2,3,5,1,1,5,4,5,3,3,2,4,4,3,1,4,4,5,3,3,1,4,4,2,1,5,4,5,"female",6,"Intence","Costly",4.25,4.58333333333333,1,1
"292",20,4,4,5,3,4,4,3,3,5,5,5,2,2,2,5,5,2,1,4,4,4,4,3,2,4,4,2,1,4,5,4,4,5,4,2,2,4,3,3,5,3,"female",12,"Intence","Non-Costly",3.6,4.25,0,1
"293",37,1,4,3,4,4,2,3,3,4,4,3,4,4,3,4,4,4,4,4,3,4,4,4,3,3,4,4,4,4,3,4,4,4,3,4,4,4,3,3,3,4,"male",8,"No-Intence","Non-Costly",2.95,3.58333333333333,0,0
"294",40,3,4,4,4,2,3,4,3,4,4,4,4,4,4,2,2,4,3,4,4,3,4,4,4,2,2,4,3,3,4,3,4,4,4,2,2,4,3,3,4,3,"male",6,"Intence","Costly",2.25,3.58333333333333,1,1
"295",37,4,2,3,2,4,4,3,1,4,4,4,4,4,3,4,3,3,1,4,4,3,2,2,3,4,3,2,1,3,4,4,4,5,4,3,2,4,2,2,3,3,"female",6,"Intence","Non-Costly",3.5,3.5,0,1
"296",38,4,1,2,1,5,5,1,1,3,3,4,1,2,1,5,5,1,1,4,4,4,1,2,2,5,5,1,1,4,5,5,2,4,2,4,3,1,1,4,5,4,"male",8,"Intence","Non-Costly",4.75,4.08333333333333,0,1
"297",22,1,3,3,3,3,3,4,3,3,3,3,4,5,3,3,3,4,4,3,4,3,3,4,3,3,4,3,3,3,3,3,3,3,3,3,3,4,4,3,3,4,"male",7,"Intence","Non-Costly",2.8,3.16666666666667,0,1
"298",23,3,3,4,2,4,4,3,3,4,4,4,4,4,4,2,3,4,4,3,4,4,4,5,4,3,4,3,4,3,5,4,3,4,3,3,4,3,2,4,4,4,"male",6,"No-Intence","Non-Costly",3,3.91666666666667,0,0
"299",34,4,1,2,1,4,4,1,1,4,4,4,4,4,2,4,4,2,1,4,4,3,4,4,4,3,3,4,2,3,2,2,2,4,2,4,4,2,1,4,4,3,"female",9,"No-Intence","Non-Costly",3.95,3.41666666666667,0,0
"300",39,3,3,4,1,5,5,1,1,5,5,5,2,3,1,5,5,1,1,4,4,4,4,4,1,5,5,1,1,5,5,5,3,3,2,3,4,2,1,3,5,3,"male",5,"No-Intence","Costly",4.75,4.41666666666667,1,0
"301",33,1,2,3,1,4,5,1,1,4,4,4,3,3,2,4,4,2,1,4,4,4,3,4,2,4,4,2,1,4,5,4,3,4,3,4,3,3,1,4,4,4,"male",7,"Intence","Non-Costly",4.2,4.08333333333333,0,1
"302",36,4,2,4,2,4,4,3,2,4,4,4,3,4,2,4,3,3,2,3,3,4,2,3,2,4,3,2,2,4,4,3,4,4,4,2,3,4,3,3,4,4,"male",7,"No-Intence","Non-Costly",3.4,3.66666666666667,0,0
"303",26,2,4,5,3,3,3,3,2,4,5,4,5,4,3,2,3,4,1,2,4,2,4,5,5,2,2,4,2,2,5,3,4,5,4,2,2,4,2,2,3,3,"female",6,"Intence","Costly",2.7,3.25,1,1
"304",32,4,2,2,1,5,5,2,1,5,5,5,3,4,4,3,4,3,1,4,5,4,1,3,1,2,3,1,1,5,3,5,1,3,1,3,5,1,1,5,3,5,"female",6,"No-Intence","Costly",4.2,4.5,1,0
"305",36,4,2,4,2,4,3,3,1,3,5,4,2,3,2,4,4,2,1,4,4,4,1,2,1,4,4,2,1,4,4,4,3,4,3,2,3,3,2,3,5,4,"female",7,"No-Intence","Costly",3.85,4,1,0
"306",40,3,4,5,5,2,2,4,4,3,3,4,4,4,3,4,4,3,2,4,5,4,4,5,3,4,4,3,2,4,4,4,4,4,4,2,2,4,2,3,4,3,"male",5,"Intence","Costly",2.85,3.75,1,1
"307",39,4,2,3,1,5,5,1,2,4,3,3,4,4,1,5,4,1,1,3,4,3,2,3,1,5,4,3,2,4,3,4,5,5,4,3,3,5,4,2,5,2,"female",7,"Intence","Non-Costly",4,3.33333333333333,0,1
"308",33,4,2,3,2,3,3,2,3,2,3,2,4,3,3,3,3,3,3,2,2,2,4,4,3,4,2,4,4,1,3,2,4,5,4,1,1,4,4,1,4,1,"female",9,"No-Intence","Non-Costly",2.65,2.08333333333333,0,0
"309",38,3,1,3,4,2,4,4,1,3,5,3,1,3,1,5,5,1,1,5,5,5,2,4,1,5,5,1,1,5,4,5,2,2,1,4,4,1,1,4,4,4,"male",8,"Intence","Costly",4.4,4.33333333333333,1,1
"310",39,4,4,4,4,2,2,4,2,3,5,2,4,4,3,4,3,4,4,4,5,4,3,3,1,4,4,1,1,5,5,4,4,5,4,4,2,4,2,4,4,3,"female",4,"Intence","Costly",3.15,4,1,1
"311",36,3,4,4,2,3,3,2,2,3,4,4,5,5,5,1,1,5,3,1,1,1,4,5,5,2,2,4,3,1,2,1,4,4,2,3,4,2,2,4,4,3,"female",3,"Intence","Non-Costly",2.7,2.41666666666667,0,1
"312",37,4,4,4,3,3,3,3,2,3,4,3,4,4,3,3,3,3,2,3,3,3,4,4,3,3,3,4,3,3,4,3,4,4,4,3,3,4,3,3,2,3,"female",7,"Intence","Non-Costly",2.95,3.08333333333333,0,1
"313",40,4,4,5,2,2,3,4,1,2,5,2,4,4,3,2,2,3,3,2,3,2,5,5,5,1,5,5,5,2,5,2,4,5,5,5,5,5,3,5,5,2,"male",12,"Intence","Costly",2.65,3.08333333333333,1,1
"314",38,4,4,5,3,3,2,4,2,5,5,3,3,4,2,4,3,2,3,3,5,4,4,4,3,2,2,4,3,2,5,2,5,5,5,1,1,4,3,1,5,2,"female",6,"Intence","Costly",2.6,3.5,1,1
"315",31,3,5,5,4,1,2,5,3,2,3,3,5,5,3,3,3,3,2,4,4,4,3,4,3,4,4,3,2,4,3,4,3,3,2,4,4,3,2,3,3,3,"female",7,"Intence","Costly",3.1,3.33333333333333,1,1
"316",40,1,3,4,2,4,4,2,1,3,4,3,1,2,1,4,4,1,1,2,1,3,1,4,1,4,4,1,1,4,4,4,3,5,4,2,2,3,2,2,2,2,"male",5,"Intence","Non-Costly",4,2.83333333333333,0,1
"317",40,4,3,5,1,5,5,1,1,5,5,5,3,5,3,3,3,4,1,2,5,2,4,5,3,2,3,3,1,2,5,2,4,5,3,2,3,4,1,2,5,2,"male",6,"Intence","Non-Costly",3.6,3.5,0,1
"318",40,1,2,2,1,4,4,2,2,4,4,4,3,3,2,4,4,3,2,4,3,3,4,5,4,3,2,4,4,2,3,2,4,5,2,3,3,3,4,4,5,3,"female",6,"No-Intence","Costly",3.3,3.41666666666667,1,0
"319",39,3,4,5,1,4,5,1,1,5,5,5,4,4,1,4,4,1,1,4,1,4,1,2,2,2,4,2,1,2,2,3,4,5,2,4,4,2,1,4,4,4,"male",9,"No-Intence","Non-Costly",4.35,3.58333333333333,0,0
"320",31,1,2,3,1,5,5,1,1,5,5,5,4,4,2,4,4,2,2,4,4,4,3,4,2,4,4,2,2,4,4,4,2,3,1,5,5,1,1,4,4,4,"male",5,"No-Intence","Non-Costly",4.5,4.25,0,0
"321",34,4,3,4,2,4,4,2,2,4,3,3,5,5,4,2,2,4,3,1,2,1,4,4,4,2,2,4,3,2,3,2,4,5,3,2,3,4,3,4,5,3,"female",6,"No-Intence","Non-Costly",2.75,2.75,0,0
"322",36,1,2,4,2,4,4,1,2,5,4,4,3,4,2,4,4,3,2,4,4,4,3,4,2,4,4,2,2,4,4,4,2,4,2,4,4,2,2,4,4,4,"male",8,"Intence","Costly",4,4.08333333333333,1,1
"323",36,2,2,2,2,4,4,2,1,4,4,4,4,4,3,3,3,4,2,3,3,2,3,2,3,4,3,2,3,3,3,3,2,3,4,3,3,4,2,3,4,2,"male",8,"Intence","Costly",3.35,3.16666666666667,1,1
"324",35,1,3,4,2,4,3,2,1,3,4,4,5,5,1,4,5,1,1,5,2,3,1,3,1,4,3,1,2,3,3,3,1,3,3,3,3,3,2,3,3,2,"male",6,"Intence","Non-Costly",4.05,3.16666666666667,0,1
"325",33,2,4,4,2,4,4,2,1,4,4,3,2,4,2,5,4,2,1,4,4,4,2,4,1,4,4,1,1,4,4,4,5,5,4,1,2,4,1,2,4,2,"female",12,"Intence","Non-Costly",3.9,3.58333333333333,0,1
"326",26,4,1,4,2,3,3,3,2,4,5,4,3,5,3,3,4,3,2,4,3,3,3,5,3,3,2,3,3,2,3,2,4,3,3,3,3,3,2,4,5,3,"female",6,"No-Intence","Costly",3.2,3.5,1,0
"327",27,4,4,5,4,1,2,5,2,1,5,1,4,4,2,1,2,2,4,1,4,1,2,4,3,2,2,4,3,2,4,2,4,5,5,1,1,5,2,1,5,1,"male",5,"Intence","Non-Costly",2.15,2.33333333333333,0,1
"328",29,1,2,4,1,4,5,1,1,5,5,5,4,4,2,4,4,2,1,5,5,5,2,4,1,4,5,1,1,4,4,5,2,3,2,3,4,4,2,4,5,4,"male",6,"No-Intence","Costly",4.3,4.66666666666667,1,0
"329",40,1,3,4,2,4,4,2,2,4,4,4,4,4,4,2,2,4,3,2,2,2,3,4,2,4,4,2,2,4,4,4,4,4,4,1,2,5,3,2,3,2,"male",7,"Intence","Non-Costly",3,3.08333333333333,0,1
"330",27,4,4,4,3,4,4,3,1,4,4,4,5,4,4,2,2,4,3,2,2,2,1,1,1,5,5,1,1,3,2,3,3,4,2,3,4,3,1,2,4,4,"female",6,"No-Intence","Costly",3.7,3,1,0
"331",26,1,1,2,1,4,5,1,1,5,4,4,5,5,4,2,2,4,4,3,4,2,2,3,1,5,5,1,1,5,2,4,4,5,3,4,4,3,3,4,4,4,"male",4,"Intence","Costly",3.8,3.75,1,1
"332",32,1,3,4,1,4,5,2,1,5,5,5,5,5,5,1,1,5,4,1,4,4,5,5,5,1,1,5,3,1,4,1,3,2,3,3,3,4,2,4,3,4,"male",6,"No-Intence","Costly",2.55,3.41666666666667,1,0
"333",36,3,2,2,1,4,4,1,1,2,1,3,4,4,3,3,3,4,2,3,3,3,4,4,3,3,3,4,3,2,3,2,2,3,2,3,3,2,1,3,2,3,"male",6,"No-Intence","Non-Costly",3.55,2.5,0,0
"334",32,1,1,1,2,3,3,3,2,2,2,3,3,4,1,2,5,1,1,1,1,3,2,1,4,3,2,2,4,1,3,1,4,4,3,4,3,2,3,3,3,3,"male",6,"No-Intence","Non-Costly",3.45,2.16666666666667,0,0
"335",39,1,1,2,1,4,4,1,1,3,3,4,2,3,1,5,5,1,1,4,4,4,2,3,1,3,4,1,1,3,3,3,3,4,2,4,4,2,1,4,4,4,"male",6,"No-Intence","Costly",4.55,3.58333333333333,1,0
"336",30,3,4,4,4,2,2,4,3,2,3,4,5,5,4,4,4,4,3,4,4,4,5,5,5,2,2,5,4,5,5,2,4,4,3,3,3,4,2,3,3,3,"female",6,"Intence","Costly",2.45,3.5,1,1
"337",39,3,1,3,2,4,5,1,1,5,5,5,2,4,1,5,4,2,1,4,4,4,3,3,4,2,2,4,3,2,2,2,3,3,2,4,4,2,2,4,4,4,"male",1,"Intence","Non-Costly",3.85,3.75,0,1
"338",30,1,2,3,2,3,4,3,3,3,2,3,3,2,3,3,3,3,3,2,3,3,3,2,2,3,3,4,2,2,2,3,3,3,3,2,2,3,3,2,3,3,"female",4,"No-Intence","Costly",3.05,2.58333333333333,1,0
"339",26,2,4,3,4,3,2,3,3,4,2,3,3,3,4,4,3,3,2,3,4,2,4,3,5,4,1,5,2,2,3,2,3,2,3,4,4,4,3,3,4,4,"female",6,"Intence","Non-Costly",2.8,3,0,1
"340",22,4,1,2,1,5,5,1,1,5,2,5,4,5,3,3,2,4,1,5,4,3,5,5,4,2,3,4,2,3,5,4,2,3,2,4,4,2,1,4,4,4,"female",9,"Intence","Costly",3.7,4,1,1
"341",40,1,5,5,4,4,4,2,1,4,4,5,4,4,2,4,4,2,1,5,4,5,5,5,2,5,5,2,2,5,5,5,4,4,3,4,3,2,2,4,4,4,"male",6,"Intence","Costly",4,4.5,1,1
"342",40,4,3,4,2,4,4,2,1,4,4,4,3,4,3,4,2,3,3,2,2,2,3,4,2,3,3,3,2,3,4,3,3,4,2,4,4,2,2,3,4,4,"female",7,"Intence","Non-Costly",3.65,3.25,0,1
"343",39,1,3,3,2,4,4,2,1,4,5,4,3,5,3,3,3,3,2,4,5,5,3,3,2,3,3,3,2,3,3,3,2,5,2,3,3,2,2,4,4,4,"male",6,"Intence","Costly",3.6,4,1,1
"344",38,1,3,4,1,4,3,1,2,4,2,5,4,4,3,3,3,3,2,3,4,2,3,4,3,4,3,3,2,4,4,4,4,4,3,2,3,3,2,3,3,3,"male",7,"No-Intence","Costly",3.45,3.41666666666667,1,0
"345",30,1,2,3,1,5,5,1,1,5,5,5,3,4,1,5,5,1,1,5,5,5,2,3,1,5,5,1,1,5,5,5,3,3,1,5,5,1,1,5,5,5,"female",6,"No-Intence","Costly",5,5,1,0
"346",34,1,1,4,2,4,4,2,1,4,5,5,3,3,2,5,4,2,1,5,3,5,2,3,2,4,4,2,1,5,4,5,3,4,2,4,4,2,1,5,4,5,"male",6,"No-Intence","Costly",4.25,4.58333333333333,1,0
"347",34,4,2,3,1,4,4,1,1,4,5,3,3,4,4,3,3,3,2,3,4,2,2,3,2,2,3,3,1,2,5,4,3,5,2,3,3,2,2,3,5,4,"female",4,"Intence","Non-Costly",3.65,3.66666666666667,0,1
"348",38,3,4,4,2,3,4,2,2,4,3,3,5,5,4,2,2,4,2,2,2,2,5,5,4,2,2,4,2,2,2,2,5,5,3,3,3,3,2,3,3,3,"male",6,"Intence","Non-Costly",2.95,2.58333333333333,0,1
"349",35,1,1,3,3,3,3,2,2,4,4,4,4,3,2,4,4,1,1,4,5,5,3,4,3,3,4,3,2,4,5,4,1,2,1,5,5,1,1,5,4,5,"male",7,"No-Intence","Costly",4.05,4.41666666666667,1,0
"350",34,1,2,4,1,5,5,1,1,5,5,5,5,5,3,4,5,3,1,4,5,5,4,5,3,3,3,4,1,4,4,4,3,4,1,4,4,1,1,5,2,4,"male",8,"No-Intence","Costly",4.2,4.33333333333333,1,0
"351",33,1,3,2,4,2,3,2,4,2,4,3,3,4,4,2,3,3,2,4,4,3,3,3,2,4,4,4,3,3,4,3,2,3,3,2,4,3,2,3,4,2,"male",8,"No-Intence","Non-Costly",3,3.25,0,0
"352",29,2,2,3,1,5,4,1,1,4,4,4,3,4,2,4,4,2,2,4,2,3,2,2,2,4,4,1,1,2,3,2,3,3,2,3,4,2,2,4,4,4,"female",6,"No-Intence","Non-Costly",4.25,3.33333333333333,0,0
"353",29,1,4,4,3,3,4,3,2,4,4,4,3,3,3,4,4,2,2,3,3,4,4,4,3,3,2,4,3,3,4,4,3,4,3,3,3,4,3,4,4,4,"female",6,"Intence","Costly",3.15,3.75,1,1
"354",38,4,2,3,1,5,5,1,1,5,5,5,1,1,1,5,5,1,1,5,5,5,3,4,2,4,4,2,2,4,4,4,2,3,2,4,4,4,2,4,5,4,"female",6,"No-Intence","Costly",4.4,4.58333333333333,1,0
"355",34,2,4,3,2,4,4,1,1,5,5,5,3,4,2,3,4,4,1,5,5,4,1,2,1,5,5,1,1,5,5,5,4,4,2,2,4,4,1,5,5,5,"female",6,"Intence","Costly",4.1,4.91666666666667,1,1
"356",39,2,2,3,1,4,5,1,2,5,4,4,1,2,1,5,5,1,1,4,2,4,3,3,2,3,3,2,2,3,4,3,2,2,2,4,4,1,2,3,2,3,"male",8,"No-Intence","Non-Costly",4.35,3.41666666666667,0,0
"357",36,3,3,3,3,3,3,3,3,3,3,3,4,4,2,4,2,2,2,4,2,4,3,3,3,3,3,3,3,3,3,3,3,3,4,4,4,3,2,4,4,4,"male",9,"Intence","Costly",3.25,3.33333333333333,1,1
"358",37,2,5,5,5,1,1,5,4,1,4,1,5,5,4,2,3,4,5,2,3,1,4,4,4,2,2,4,4,3,5,3,5,5,4,1,2,3,5,2,4,2,"female",6,"Intence","Non-Costly",1.75,2.58333333333333,0,1
"359",35,3,4,4,2,5,4,2,1,5,5,5,4,4,2,4,4,3,2,3,4,3,4,4,3,3,3,3,2,2,4,3,3,4,2,3,3,3,3,3,4,3,"female",6,"Intence","Costly",3.65,3.66666666666667,1,1
"360",35,4,2,3,1,4,4,2,2,4,5,4,4,5,3,2,2,4,2,1,3,2,3,4,4,2,2,3,2,2,3,2,3,3,2,3,3,3,2,3,4,3,"female",7,"Intence","Non-Costly",3.2,3,0,1
"361",34,1,4,4,2,4,4,2,2,4,5,5,3,3,2,4,4,2,2,4,5,4,4,4,2,4,4,2,2,4,4,4,4,4,3,2,2,4,3,4,4,4,"female",9,"No-Intence","Costly",3.6,4.25,1,0
"362",30,2,5,4,3,3,3,4,3,3,5,3,3,3,3,3,3,3,3,3,4,4,4,4,4,3,3,4,3,3,4,3,3,3,3,3,3,3,3,4,4,3,"male",6,"Intence","Non-Costly",2.85,3.58333333333333,0,1
"363",31,1,4,4,2,4,4,2,2,4,4,4,1,2,1,4,4,2,1,3,3,3,2,3,1,3,4,2,1,3,4,3,3,4,2,4,3,2,2,4,4,3,"male",8,"Intence","Costly",4.1,3.5,1,1
"364",23,4,4,4,2,5,4,1,1,5,5,5,2,2,1,4,5,1,1,4,4,4,5,5,3,3,4,4,2,4,4,4,4,4,2,4,4,2,1,3,4,4,"male",6,"Intence","Costly",4.2,4.16666666666667,1,1
"365",30,4,4,3,4,4,2,4,2,2,3,3,5,5,4,3,3,4,1,4,4,3,4,4,2,2,3,3,1,4,5,4,5,4,2,4,4,2,2,4,5,5,"female",6,"Intence","Costly",3.3,3.83333333333333,1,1
"366",37,1,2,3,1,4,4,2,2,5,5,5,4,5,2,3,3,3,2,3,4,3,5,5,4,2,3,4,3,4,3,3,3,5,2,4,3,2,2,4,5,4,"male",5,"No-Intence","Costly",3.45,4,1,0
"367",36,4,4,3,2,4,5,2,1,4,3,4,4,4,2,4,4,3,1,4,4,4,4,5,2,4,4,2,1,4,4,4,4,4,2,4,4,2,1,4,4,4,"female",4,"No-Intence","Costly",4.2,3.91666666666667,1,0
"368",26,1,3,3,2,5,5,2,2,5,5,4,3,3,2,5,4,1,2,5,5,5,2,3,2,4,4,2,2,4,4,4,2,3,2,4,3,3,3,5,5,5,"male",6,"Intence","Non-Costly",4.05,4.66666666666667,0,1
"369",27,1,3,3,3,3,3,3,3,3,3,3,3,3,3,3,3,3,3,3,3,3,3,3,3,3,3,3,3,3,3,3,3,3,3,3,3,3,3,3,3,3,"male",6,"Intence","Non-Costly",3,3,0,1
"370",27,2,3,3,3,3,3,3,2,3,4,4,3,4,3,2,3,3,2,3,2,2,4,2,3,3,3,3,2,3,2,2,2,3,1,3,3,3,1,3,3,3,"male",5,"Intence","Non-Costly",3.3,2.83333333333333,0,1
"371",27,1,1,2,1,4,5,1,1,4,3,4,2,3,1,5,5,1,1,5,3,5,2,2,1,5,4,1,1,5,3,3,2,4,2,3,3,2,1,4,5,4,"male",8,"Intence","Non-Costly",4.6,4,0,1
"372",36,1,2,2,2,5,5,2,1,5,1,5,4,4,3,4,4,4,2,4,4,4,3,3,2,4,4,2,2,4,2,2,3,3,2,4,4,2,2,4,4,4,"male",7,"No-Intence","Costly",4,3.58333333333333,1,0
"373",35,1,3,3,1,5,5,1,1,5,5,5,2,4,1,5,5,1,1,5,3,5,2,3,1,4,4,2,1,5,4,4,3,4,2,4,4,2,2,4,5,4,"male",4,"No-Intence","Costly",4.6,4.5,1,0
"374",38,1,2,3,2,4,4,2,1,4,3,4,2,3,1,5,5,1,1,5,1,1,2,4,1,4,5,1,1,4,4,5,1,3,1,5,4,1,1,4,3,4,"male",9,"No-Intence","Costly",4.7,3.5,1,0
"375",36,3,3,4,3,3,3,3,2,4,4,3,3,4,1,4,4,1,1,4,4,4,3,4,3,3,3,3,2,4,5,4,2,4,2,4,4,2,2,4,5,4,"female",5,"No-Intence","Non-Costly",3.75,4.08333333333333,0,0
"376",38,1,3,3,2,2,2,2,2,2,2,2,4,4,4,2,4,5,4,2,3,2,3,3,3,3,3,3,3,3,2,3,4,4,2,5,4,1,2,5,2,2,"male",6,"No-Intence","Costly",3.2,2.5,1,0
"377",39,3,2,4,2,4,4,2,2,4,4,4,4,4,3,3,2,4,2,3,2,3,2,3,2,3,3,2,2,3,2,3,2,2,2,4,4,2,2,3,4,4,"male",7,"No-Intence","Costly",3.6,3.25,1,0
"378",29,4,3,3,1,5,5,1,1,5,5,5,4,5,2,3,4,2,2,4,3,4,4,4,1,3,5,1,1,5,5,5,5,5,5,1,2,5,5,2,2,2,"male",6,"Intence","Costly",3.65,3.91666666666667,1,1
"379",33,4,2,4,2,4,4,2,2,4,4,4,3,3,3,3,3,3,2,3,4,3,3,3,3,4,3,2,3,3,4,3,4,4,2,2,2,3,3,3,4,2,"male",7,"No-Intence","Costly",3.35,3.41666666666667,1,0
"380",35,3,1,2,4,4,5,4,1,3,4,4,3,3,2,5,5,1,1,5,5,5,2,3,2,2,4,1,1,3,4,1,2,4,3,3,3,3,1,4,5,3,"female",6,"Intence","Costly",3.95,3.83333333333333,1,1
"381",20,4,3,4,2,3,4,2,1,4,5,4,5,5,2,3,3,2,1,4,4,4,3,4,3,3,3,2,1,4,4,4,3,4,2,4,4,2,1,4,4,4,"female",5,"No-Intence","Costly",3.9,4.08333333333333,1,0
"382",31,4,4,5,4,4,4,3,2,3,4,4,5,5,4,2,3,4,2,3,4,3,3,4,1,4,5,2,2,4,5,5,3,5,2,4,4,1,1,4,5,4,"female",6,"Intence","Costly",3.7,4,1,1
"383",36,1,1,1,1,5,5,1,1,5,5,5,5,4,4,3,2,4,1,5,4,4,4,5,4,3,2,4,1,4,3,5,4,5,4,4,4,2,1,5,5,4,"male",3,"No-Intence","Costly",3.6,4.5,1,0
"384",26,4,2,3,2,2,4,1,1,4,5,4,4,5,2,2,3,3,1,3,4,2,3,4,4,3,3,3,1,2,2,2,4,4,3,2,2,3,1,3,4,4,"female",7,"No-Intence","Non-Costly",3.4,3.25,0,0
"385",35,3,1,2,1,4,5,1,1,5,5,5,3,4,2,4,4,1,1,3,5,3,3,4,2,3,4,2,1,4,4,4,2,3,1,5,5,1,1,5,5,5,"male",3,"No-Intence","Costly",4.55,4.41666666666667,1,0
"386",40,1,2,3,1,4,4,2,2,5,4,4,4,5,2,4,4,4,2,5,4,5,2,2,2,4,4,2,4,4,4,4,4,4,2,3,3,2,3,4,3,3,"male",7,"No-Intence","Costly",3.7,4.08333333333333,1,0
"387",25,1,4,5,4,1,3,5,2,2,5,3,5,5,4,2,2,5,3,1,5,2,5,5,5,1,1,5,2,1,4,2,3,4,3,3,3,2,1,3,5,2,"female",8,"Intence","Non-Costly",2.35,2.91666666666667,0,1
"388",38,1,4,4,4,2,3,4,1,3,3,3,4,4,4,2,3,3,1,1,1,1,3,4,2,4,4,3,1,4,4,4,1,1,1,5,5,1,1,5,3,5,"male",11,"No-Intence","Non-Costly",3.7,3.08333333333333,0,0
"389",36,3,4,5,4,3,4,4,3,3,3,3,3,3,3,3,3,2,2,3,2,2,4,4,3,3,3,3,2,4,3,4,4,4,3,3,3,4,2,4,3,4,"female",3,"Intence","Costly",3.1,3.16666666666667,1,1
"390",39,1,5,5,5,2,2,4,2,2,5,3,4,4,3,3,3,3,1,3,5,4,5,5,5,2,2,5,5,3,5,2,4,5,5,1,1,5,4,1,4,3,"female",6,"No-Intence","Costly",2.05,3.33333333333333,1,0
"391",37,1,1,4,1,4,4,1,1,5,5,5,2,4,2,3,3,2,2,4,5,3,4,5,4,2,3,2,4,3,4,4,4,5,3,3,3,2,2,3,5,5,"male",6,"Intence","Costly",3.55,4.25,1,1
"392",29,1,4,4,3,3,4,5,1,5,4,4,5,5,5,1,1,5,1,1,1,1,4,5,3,2,3,3,1,5,5,1,1,2,3,2,5,3,1,3,1,2,"female",2,"Intence","Non-Costly",2.95,2.75,0,1
"393",28,1,1,1,2,5,5,2,3,4,3,4,4,5,1,5,5,2,1,5,4,5,3,3,3,2,3,3,3,2,4,4,3,4,3,3,5,3,3,4,5,4,"male",4,"Intence","Costly",3.8,4,1,1
"394",32,3,1,2,1,5,5,1,1,5,4,4,4,4,2,3,3,2,1,3,4,3,2,2,1,5,5,1,1,4,4,5,1,2,1,5,5,1,1,5,3,5,"male",6,"No-Intence","Costly",4.7,4.08333333333333,1,0
"395",36,2,1,3,1,4,5,1,1,5,5,5,3,4,2,4,4,2,1,5,5,5,1,3,1,4,5,1,1,5,5,5,2,3,1,3,4,1,1,5,5,5,"female",6,"No-Intence","Costly",4.55,5,1,0
"396",22,1,2,4,1,5,5,2,1,5,4,4,5,4,4,3,3,3,2,3,3,3,4,3,3,4,3,2,2,3,4,3,4,5,3,3,3,3,1,4,4,4,"male",9,"Intence","Costly",3.7,3.66666666666667,1,1
"397",37,1,3,3,2,3,3,2,3,4,3,3,2,3,2,4,4,2,2,3,4,3,2,3,2,4,4,2,1,3,4,4,2,3,2,4,4,2,2,4,4,3,"male",5,"No-Intence","Non-Costly",3.9,3.5,0,0
"398",40,1,3,3,3,3,3,3,3,3,4,3,3,3,3,3,3,3,3,3,4,3,3,2,3,3,4,3,2,3,4,3,3,3,3,3,4,3,2,3,4,3,"male",5,"Intence","Costly",3.2,3.33333333333333,1,1
"399",33,4,5,5,2,4,4,2,2,4,2,4,5,5,2,4,4,2,2,4,5,4,5,5,2,4,4,2,2,4,5,4,5,5,2,4,4,2,4,4,2,4,"female",6,"Intence","Costly",3.9,3.83333333333333,1,1
"400",36,1,4,5,2,2,4,2,2,5,5,5,4,3,3,4,4,3,2,4,4,4,5,3,4,4,2,3,2,4,4,4,3,4,2,1,1,3,2,3,4,4,"male",8,"Intence","Costly",3.2,4.16666666666667,1,1
"401",40,4,2,3,2,4,4,2,2,4,4,4,4,4,3,4,3,3,3,3,4,4,2,4,2,4,3,3,2,3,4,4,2,3,2,2,2,2,2,3,3,4,"female",4,"Intence","Costly",3.5,3.66666666666667,1,1
"402",25,1,2,2,2,4,4,2,2,2,2,4,2,1,2,4,4,2,2,2,2,2,4,4,2,4,4,2,2,2,4,4,4,4,2,2,2,4,4,2,2,2,"male",4,"Intence","Non-Costly",3.6,2.5,0,1
"403",28,4,3,4,2,4,4,2,2,4,4,4,4,5,2,4,3,3,3,3,4,3,4,4,2,4,4,3,2,4,4,4,3,3,2,3,4,2,2,3,4,3,"female",6,"Intence","Costly",3.75,3.66666666666667,1,1
"404",40,1,1,1,1,5,3,1,1,4,4,4,4,5,1,5,3,1,1,3,4,3,1,1,1,4,3,1,1,4,1,4,3,2,1,4,3,1,1,5,4,5,"male",6,"No-Intence","Non-Costly",4.5,3.75,0,0
"405",40,4,2,3,3,3,3,3,4,4,2,4,4,3,4,3,2,3,4,3,3,5,3,3,2,3,4,3,3,3,2,5,3,3,3,3,2,4,3,4,3,3,"female",6,"No-Intence","Non-Costly",2.8,3.41666666666667,0,0
"406",30,1,1,2,2,3,4,3,2,4,3,4,3,2,2,4,4,2,2,4,3,4,2,2,2,3,4,2,2,3,3,4,3,3,2,3,3,3,2,4,2,2,"male",9,"Intence","Costly",3.7,3.33333333333333,1,1
"407",20,4,3,4,2,3,3,3,2,5,4,4,2,4,2,4,4,2,1,3,3,4,3,3,3,4,4,3,1,4,4,3,1,4,1,3,4,3,1,4,5,4,"male",9,"No-Intence","Costly",3.85,3.91666666666667,1,0
"408",40,1,4,3,4,3,4,3,2,2,3,3,4,3,3,2,4,3,4,3,4,3,2,3,4,3,3,4,3,3,3,4,3,4,3,4,3,3,3,3,3,2,"male",6,"Intence","Non-Costly",2.95,3,0,1
"409",30,3,1,3,2,3,4,3,1,5,5,5,4,4,2,3,3,3,3,4,5,4,3,3,1,5,3,1,4,4,5,4,1,2,1,2,5,1,1,5,4,3,"female",12,"No-Intence","Costly",3.85,4.41666666666667,1,0
"410",31,1,1,3,4,4,5,1,1,4,4,4,4,4,4,4,3,4,2,3,5,4,2,4,1,4,4,1,1,4,4,4,4,5,3,2,3,3,2,4,5,4,"male",9,"No-Intence","Non-Costly",3.7,4.08333333333333,0,0
"411",25,1,2,4,2,4,4,2,1,4,4,4,4,4,2,3,3,2,2,3,4,4,3,4,3,3,3,2,2,3,5,4,3,4,2,4,4,2,2,4,4,4,"male",6,"Intence","Costly",3.8,3.91666666666667,1,1
"412",40,1,3,4,2,4,4,2,1,4,4,3,3,3,3,3,3,3,1,3,5,3,4,5,4,3,2,4,3,2,2,2,3,3,2,3,3,2,1,4,4,4,"male",8,"Intence","Non-Costly",3.45,3.33333333333333,0,1
"413",39,1,1,3,1,5,5,1,1,5,5,5,2,3,1,5,4,1,1,5,5,5,1,2,1,5,5,1,1,5,5,5,4,5,1,4,4,1,1,4,5,5,"male",6,"No-Intence","Costly",4.85,4.91666666666667,1,0
"414",28,3,1,4,1,4,4,1,1,4,4,4,2,2,2,3,3,1,1,3,4,5,2,4,1,4,4,1,1,3,4,1,1,1,2,3,4,1,1,3,5,5,"male",6,"No-Intence","Non-Costly",4.35,3.75,0,0
"415",31,1,2,2,1,4,5,1,1,4,5,4,5,5,2,3,2,2,1,2,2,2,2,4,1,4,4,1,1,4,5,5,4,4,4,3,2,4,2,2,4,3,"male",6,"No-Intence","Non-Costly",3.9,3.5,0,0
"416",40,1,3,4,2,3,3,3,2,4,5,4,3,4,2,4,3,2,1,3,5,4,4,5,2,4,4,3,2,4,5,4,3,5,3,4,3,4,3,4,5,4,"male",4,"No-Intence","Costly",3.55,4.25,1,0
"417",23,3,1,1,1,5,5,1,1,3,1,3,1,1,5,5,4,2,1,5,3,5,1,3,1,4,5,1,1,3,3,5,1,1,1,5,5,1,1,3,1,3,"male",6,"No-Intence","Non-Costly",4.65,3.16666666666667,0,0
"418",37,1,1,2,1,5,5,1,1,5,3,5,3,4,1,4,4,1,2,3,4,4,4,5,3,2,2,3,2,3,5,4,3,5,2,2,3,2,2,3,4,2,"male",9,"No-Intence","Costly",3.9,3.75,1,0
"419",39,1,2,2,2,4,4,2,2,4,4,4,3,5,4,2,4,4,4,3,2,2,2,2,2,2,3,3,3,4,2,3,3,2,4,2,4,2,2,4,2,4,"male",3,"No-Intence","Costly",3.15,3.16666666666667,1,0
"420",32,4,3,4,3,4,4,2,2,4,2,3,5,5,4,3,3,4,3,3,4,3,5,5,4,2,3,4,3,4,5,4,4,5,4,3,3,4,2,3,5,3,"female",6,"Intence","Non-Costly",2.9,3.58333333333333,0,1
"421",31,3,1,4,1,5,5,1,1,3,3,3,4,4,2,2,4,2,1,2,2,3,5,5,4,3,3,3,3,3,3,2,3,4,2,3,3,1,3,3,4,4,"male",11,"Intence","Non-Costly",3.8,2.91666666666667,0,1
"422",32,1,1,2,1,3,3,1,1,3,3,3,3,3,1,4,3,1,1,4,2,3,4,4,4,1,2,4,1,1,1,1,5,5,4,1,1,4,1,1,5,1,"male",5,"Intence","Non-Costly",3.3,2.33333333333333,0,1
"423",39,1,1,3,1,5,5,1,1,5,4,5,5,5,1,5,5,1,1,5,3,5,1,5,1,4,3,1,2,4,4,3,2,4,1,2,4,2,1,5,5,4,"female",9,"No-Intence","Costly",4.55,4.33333333333333,1,0
"424",34,4,4,5,3,4,3,3,3,4,5,4,5,5,5,1,1,5,2,4,5,4,5,5,5,1,2,5,4,3,5,5,5,5,5,2,2,5,4,3,5,4,"female",6,"No-Intence","Costly",1.95,4.25,1,0
"425",38,1,2,2,3,4,3,2,1,3,3,3,3,4,2,3,4,3,2,4,4,4,1,1,1,4,4,2,1,4,3,4,4,5,3,3,3,3,2,3,5,3,"male",6,"No-Intence","Non-Costly",3.75,3.58333333333333,0,0
"426",38,4,2,4,1,5,4,1,1,3,4,3,2,4,1,5,5,1,3,4,4,4,2,4,1,5,4,1,1,4,5,4,5,5,5,1,1,5,2,1,2,2,"female",9,"Intence","Non-Costly",3.95,3.33333333333333,0,1
"427",26,4,2,3,2,3,2,4,3,2,3,2,5,4,2,2,3,4,1,2,5,2,5,5,4,2,2,4,3,2,4,4,4,4,4,2,2,4,3,2,4,2,"female",4,"Intence","Non-Costly",2.6,2.83333333333333,0,1
"428",39,1,1,2,1,5,5,1,1,5,4,5,3,4,1,5,5,1,1,5,4,5,1,2,1,5,5,1,1,5,4,5,3,3,1,4,5,2,1,4,4,5,"male",7,"No-Intence","Costly",4.9,4.58333333333333,1,0
"429",27,4,5,5,4,2,2,3,2,3,5,3,4,4,3,2,3,4,1,3,3,3,3,4,2,3,3,3,3,3,5,4,2,4,2,3,3,2,1,4,4,4,"female",6,"Intence","Costly",3.15,3.66666666666667,1,1
"430",40,1,4,5,3,4,4,3,2,4,4,4,4,4,1,3,5,3,1,5,5,4,5,4,2,3,3,3,2,3,4,3,4,3,3,4,4,3,2,4,4,4,"male",5,"Intence","Costly",3.7,4,1,1
"431",20,4,2,4,1,5,5,1,1,5,4,5,3,3,2,4,4,2,3,4,4,4,2,4,4,4,4,2,2,4,4,4,2,4,2,2,4,2,2,4,4,4,"female",6,"No-Intence","Costly",4,4.16666666666667,1,0
"432",37,1,5,5,2,4,4,3,2,4,5,4,5,5,4,2,3,4,3,2,2,2,4,4,3,2,3,4,4,2,4,3,5,4,2,4,4,3,2,4,5,4,"male",6,"Intence","Non-Costly",3.1,3.41666666666667,0,1
"433",40,1,1,3,1,5,5,1,1,5,5,5,3,5,3,4,4,3,3,4,5,4,1,3,1,5,5,1,1,5,3,5,3,5,2,4,4,2,1,3,5,4,"male",1,"No-Intence","Costly",4.4,4.41666666666667,1,0
"434",34,1,3,3,1,5,5,5,1,5,5,5,3,3,3,3,3,3,3,3,3,3,3,3,1,5,5,1,1,5,5,5,5,5,2,3,3,3,4,4,4,4,"male",1,"No-Intence","Costly",3.8,4.25,1,0
"435",40,1,2,3,1,4,4,1,1,4,5,4,2,3,2,5,4,2,1,3,4,3,1,1,1,5,5,1,1,5,5,4,3,4,2,4,4,2,1,4,4,4,"male",6,"No-Intence","Non-Costly",4.55,4.08333333333333,0,0
"436",39,1,3,4,3,4,3,3,2,4,5,3,3,5,3,4,4,3,1,5,4,5,5,5,4,2,2,4,5,3,3,3,5,5,4,2,1,5,4,3,3,3,"male",6,"Intence","Costly",2.65,3.66666666666667,1,1
"437",36,1,3,4,2,4,4,2,2,4,4,4,4,4,4,2,3,4,2,2,4,2,3,4,3,3,3,3,2,3,5,3,2,3,2,4,4,2,2,4,4,4,"male",6,"Intence","Non-Costly",3.45,3.58333333333333,0,1
"438",31,1,2,5,1,5,5,1,1,5,5,5,3,4,1,4,4,1,1,4,5,4,5,4,1,3,4,1,2,4,5,4,4,4,4,4,4,1,2,4,5,4,"male",2,"Intence","Costly",4.4,4.5,1,1
"439",33,1,1,1,1,5,5,1,1,5,4,5,4,4,3,2,2,3,2,4,5,2,2,4,1,4,4,1,1,5,4,5,3,4,4,2,3,3,3,3,5,3,"male",6,"No-Intence","Costly",3.75,4.16666666666667,1,0
"440",28,3,3,4,1,5,5,1,1,5,4,5,5,5,4,2,2,4,1,4,4,3,3,5,4,2,3,2,1,2,3,3,5,5,4,1,1,5,1,2,4,3,"male",6,"Intence","Costly",3.2,3.5,1,1
"441",33,4,1,4,1,4,4,1,1,3,4,4,4,4,3,4,3,2,1,3,4,3,2,3,4,2,2,4,2,1,1,2,1,3,1,4,4,1,1,4,4,4,"female",6,"No-Intence","Non-Costly",3.85,3.08333333333333,0,0
"442",36,4,2,3,2,4,4,2,2,3,3,3,4,4,4,2,2,4,2,2,3,2,4,4,4,3,3,3,2,3,3,2,3,3,2,4,4,2,1,3,3,4,"female",6,"Intence","Non-Costly",3.4,2.83333333333333,0,1
"443",35,1,1,2,1,5,5,1,1,3,3,4,3,4,2,3,3,2,2,3,3,2,1,4,1,3,4,1,1,3,4,3,2,4,1,4,4,1,1,3,3,3,"male",4,"No-Intence","Non-Costly",4.4,3.08333333333333,0,0
"444",40,4,3,3,3,1,3,2,1,3,3,2,4,2,3,1,2,3,2,3,2,3,4,3,2,3,2,3,3,2,3,3,3,3,2,3,2,2,4,3,3,2,"female",4,"Intence","Non-Costly",2.95,2.66666666666667,0,1
"445",36,1,2,3,3,4,4,2,2,3,3,4,3,4,2,4,4,3,2,4,3,4,2,4,2,4,4,2,2,4,3,3,4,4,3,3,4,2,3,4,4,3,"male",7,"Intence","Costly",3.75,3.5,1,1
"446",28,1,1,1,1,5,5,1,1,5,3,5,5,5,3,4,4,4,3,4,5,5,4,4,1,5,5,1,2,5,5,5,2,4,1,5,5,1,1,5,4,4,"male",6,"No-Intence","Non-Costly",4.5,4.58333333333333,0,0
"447",30,2,4,4,3,3,4,2,1,4,4,2,2,2,3,4,3,2,3,1,1,1,5,5,4,1,2,4,3,1,2,1,2,4,3,2,3,3,1,2,4,3,"female",8,"Intence","Non-Costly",3.1,2.16666666666667,0,1
"448",36,2,3,3,2,4,4,2,1,4,4,5,3,4,4,3,2,4,1,4,4,3,3,3,3,3,3,3,1,3,4,2,2,3,1,4,4,1,1,4,4,4,"female",6,"No-Intence","Non-Costly",3.75,3.75,0,0
"449",32,1,1,1,1,4,4,1,3,5,3,4,2,5,3,4,1,3,2,2,4,3,4,5,3,3,2,3,3,3,3,2,4,5,3,2,2,4,1,2,5,3,"male",6,"Intence","Non-Costly",3.2,3.25,0,1
"450",27,2,1,2,1,5,5,1,1,4,2,4,2,3,1,3,4,2,1,3,4,3,3,4,3,4,4,2,1,3,4,3,2,4,1,5,4,2,1,5,4,4,"male",3,"Intence","Non-Costly",4.45,3.58333333333333,0,1
"451",23,4,4,2,4,3,4,4,1,4,3,4,2,3,1,5,5,1,1,4,4,4,1,2,1,5,5,1,1,4,4,4,3,3,1,4,5,1,1,4,5,5,"male",6,"No-Intence","Costly",4.5,4.08333333333333,1,0
"452",35,1,1,4,1,3,4,2,1,4,4,4,1,3,1,4,4,1,1,5,4,4,2,4,1,4,5,1,1,5,5,5,4,5,3,2,2,3,1,3,5,3,"male",6,"No-Intence","Costly",4.15,4.25,1,0
"453",39,1,4,4,3,3,3,2,3,3,5,4,5,5,2,3,3,4,2,3,4,3,2,2,1,5,5,1,1,5,4,5,5,5,3,3,3,3,3,3,3,3,"male",1,"Intence","Costly",3.6,3.75,1,1
"454",35,1,3,4,2,4,4,2,2,4,4,4,4,5,3,3,3,4,3,3,4,3,3,3,2,4,4,2,2,4,4,4,3,5,3,3,3,4,3,3,4,3,"male",6,"Intence","Costly",3.4,3.66666666666667,1,1
"455",40,1,1,2,1,5,5,1,5,5,1,1,1,2,3,3,1,1,1,1,3,1,1,2,1,4,5,1,1,5,4,2,4,5,4,2,1,5,3,2,5,4,"male",6,"Intence","Non-Costly",3.55,2.83333333333333,0,1
"456",34,1,2,3,1,5,5,1,1,5,5,5,3,3,2,5,5,2,1,5,5,5,3,4,2,4,4,2,1,4,4,4,3,4,2,3,2,3,2,4,5,3,"male",5,"No-Intence","Costly",4.25,4.5,1,0
"457",32,4,3,4,2,5,5,2,1,5,5,5,4,5,2,4,4,2,2,4,4,4,4,5,2,4,3,3,2,5,5,4,4,4,1,4,4,2,2,5,5,4,"female",8,"No-Intence","Costly",4.1,4.58333333333333,1,0
"458",39,2,4,5,2,3,3,3,2,4,5,4,4,4,4,3,3,4,3,3,4,3,4,5,3,2,2,3,3,3,3,2,3,3,2,4,4,3,2,2,3,4,"male",12,"Intence","Costly",3.1,3.33333333333333,1,1
"459",35,3,2,3,1,4,5,1,1,5,4,4,4,5,3,4,2,4,2,3,1,3,3,4,3,3,3,3,2,2,2,2,4,5,3,2,3,3,3,4,3,4,"male",7,"Intence","Non-Costly",3.45,3.08333333333333,0,1
"460",29,4,2,4,2,4,4,2,1,3,1,4,5,5,2,3,4,4,2,3,4,3,5,5,3,2,3,4,4,2,2,2,3,4,2,2,3,3,4,3,5,4,"female",6,"Intence","Non-Costly",3.2,3,0,1
"461",38,1,2,2,1,5,5,2,1,5,5,5,3,3,2,4,4,2,1,4,5,5,2,3,1,5,5,1,1,5,5,5,3,5,1,4,5,1,1,5,5,5,"male",6,"No-Intence","Costly",4.7,4.91666666666667,1,0
"462",25,1,1,4,1,5,5,1,1,4,3,4,4,5,3,2,4,4,3,2,5,2,4,5,5,1,2,5,5,1,2,1,3,4,2,2,3,2,1,2,2,2,"female",3,"No-Intence","Non-Costly",3.15,2.5,0,0
"463",31,1,3,3,2,4,4,2,1,4,4,4,4,4,3,4,4,3,2,4,4,4,4,4,4,2,2,4,2,2,2,2,4,4,4,2,2,3,3,3,5,3,"female",5,"Intence","Non-Costly",3.15,3.41666666666667,0,1
"464",40,2,3,4,3,4,3,4,3,4,4,4,4,3,2,4,4,2,2,4,4,4,3,4,2,4,5,2,2,5,4,5,2,3,2,5,5,2,2,5,5,5,"female",6,"Intence","Costly",3.9,4.41666666666667,1,1
"465",36,1,4,4,3,2,2,3,2,2,3,2,3,4,3,3,3,3,2,2,3,3,4,4,4,2,2,4,2,2,4,2,3,4,3,3,3,3,2,3,4,3,"female",6,"No-Intence","Non-Costly",2.9,2.75,0,0
"466",39,1,2,2,1,5,5,1,1,5,2,2,1,1,1,5,5,1,1,2,1,2,1,2,1,5,5,1,1,2,1,2,2,2,1,4,5,1,1,2,1,2,"male",9,"Intence","Costly",4.95,2,1,1
"467",28,1,2,2,2,4,4,2,2,4,4,4,2,3,2,4,4,2,2,4,5,4,4,4,2,3,2,2,2,3,5,3,3,3,2,4,4,2,2,4,5,4,"female",10,"Intence","Non-Costly",3.85,4.08333333333333,0,1
"468",33,1,1,2,1,4,4,2,1,3,1,1,4,3,3,4,3,4,1,1,4,2,1,3,3,2,3,4,1,3,5,2,4,5,3,2,4,4,1,3,5,2,"female",12,"No-Intence","Non-Costly",3.5,2.66666666666667,0,0
"469",34,1,1,2,3,3,3,1,1,4,4,3,3,4,2,5,4,1,1,4,5,5,4,4,2,3,3,1,1,4,5,4,4,5,3,2,2,3,3,2,5,3,"male",9,"Intence","Costly",3.75,4,1,1
"470",36,1,4,4,3,2,3,4,2,4,5,3,4,2,2,4,5,3,2,4,4,3,5,5,4,3,3,4,2,3,5,3,5,4,4,2,2,4,1,2,4,2,"female",9,"Intence","Costly",3.05,3.5,1,1
"471",40,4,1,5,1,4,5,1,1,5,5,5,5,5,4,1,1,5,4,1,1,1,4,5,3,1,2,4,3,1,2,1,3,4,1,4,5,1,1,5,5,5,"female",6,"No-Intence","Non-Costly",3.3,3.08333333333333,0,0
"472",37,1,3,4,3,3,3,3,3,5,5,5,4,4,4,2,3,4,3,4,4,2,4,5,4,4,3,4,2,3,5,2,5,5,5,2,2,5,3,2,5,2,"male",7,"Intence","Costly",2.55,3.66666666666667,1,1
"473",38,1,2,4,2,3,3,2,2,3,4,3,4,5,4,2,2,4,3,2,2,2,3,4,3,2,3,3,1,2,3,2,3,4,2,4,4,2,1,4,5,4,"female",9,"No-Intence","Non-Costly",3.3,3,0,0
"474",29,4,2,4,2,3,4,3,3,2,4,3,5,5,5,2,1,4,3,1,2,1,4,4,5,2,2,2,1,2,5,1,2,4,2,3,3,3,1,4,4,3,"unknown",6,"No-Intence","Non-Costly",2.9,2.66666666666667,0,0
"475",27,3,2,3,2,4,5,1,1,4,5,4,4,4,2,3,3,2,1,4,5,4,2,2,3,3,3,2,2,3,5,4,2,3,1,5,4,1,1,5,4,4,"male",5,"No-Intence","Non-Costly",4.15,4.25,0,0
"476",33,1,2,3,2,5,5,1,1,5,4,5,4,5,4,2,2,4,1,2,3,2,2,3,1,4,5,1,1,5,4,5,2,3,1,3,5,1,1,4,4,4,"female",6,"No-Intence","Costly",4.2,3.91666666666667,1,0
"477",33,4,3,4,2,4,4,2,2,4,4,4,4,4,3,3,3,4,4,4,4,4,3,4,2,3,3,2,3,4,4,4,4,4,2,4,4,2,2,4,4,4,"male",7,"No-Intence","Costly",3.5,4,1,0
"478",25,4,3,4,2,4,4,2,2,4,4,4,3,4,3,3,3,4,2,2,3,2,4,4,3,3,3,3,2,3,4,3,3,4,3,3,4,2,2,4,4,3,"female",6,"No-Intence","Costly",3.45,3.33333333333333,1,0
"479",33,2,2,3,1,5,5,1,1,5,4,5,4,5,2,4,4,3,2,4,4,4,4,4,1,3,3,2,1,5,5,5,5,5,4,2,2,2,3,2,4,3,"male",8,"No-Intence","Costly",3.85,4.16666666666667,1,0
"480",31,1,2,3,2,4,4,2,2,4,3,3,3,3,3,4,3,2,3,4,3,3,3,2,3,4,3,2,2,4,3,4,4,4,4,4,4,3,3,3,4,3,"male",6,"No-Intence","Non-Costly",3.55,3.41666666666667,0,0
"481",27,1,3,4,2,2,2,3,2,2,3,3,3,3,4,2,2,4,1,2,2,2,2,4,3,2,2,4,1,2,2,2,2,2,1,3,4,1,1,3,5,4,"male",1,"Intence","Non-Costly",3.2,2.66666666666667,0,1
"482",40,3,3,3,2,3,4,2,1,4,3,3,4,4,4,2,2,4,1,2,4,4,1,1,1,4,4,1,1,4,3,3,4,4,4,2,2,4,1,2,4,2,"male",6,"Intence","Non-Costly",3.45,3.16666666666667,0,1
"483",37,1,3,4,2,4,4,2,1,4,5,5,1,2,1,4,5,1,1,2,2,3,4,5,1,4,3,2,1,4,4,4,4,4,2,2,4,2,1,4,4,4,"female",9,"Intence","Costly",4.25,3.75,1,1
"484",32,3,3,3,1,4,4,1,1,5,5,5,4,4,3,4,4,2,3,3,3,3,3,3,1,4,5,1,2,4,4,5,3,3,1,3,5,2,2,5,5,5,"male",6,"No-Intence","Non-Costly",4.25,4.33333333333333,0,0
"485",32,1,2,3,2,4,4,2,2,4,4,4,4,3,1,5,5,1,1,4,3,4,3,4,3,4,4,1,1,2,3,2,4,4,4,2,2,3,3,2,4,2,"female",5,"No-Intence","Non-Costly",3.9,3.16666666666667,0,0
"486",37,2,4,5,3,3,3,3,3,2,4,3,2,3,2,3,4,2,3,3,2,3,4,4,3,3,2,3,4,2,3,3,5,5,2,3,3,3,2,3,4,3,"female",6,"Intence","Non-Costly",3.15,2.91666666666667,0,1
"487",40,4,3,2,3,4,4,3,2,3,3,3,2,4,4,3,2,4,1,5,5,1,3,2,3,4,4,3,2,4,3,4,4,3,4,3,1,5,3,3,2,4,"male",6,"Intence","Costly",3,3.33333333333333,1,1
"488",30,1,1,2,1,5,4,1,1,4,2,4,2,3,1,5,5,1,1,5,5,5,4,5,4,1,1,5,5,1,2,1,3,4,2,2,3,2,3,3,4,2,"male",4,"No-Intence","Costly",3.55,3.16666666666667,1,0
"489",20,4,5,4,3,2,3,3,4,4,3,4,3,2,1,5,5,1,1,5,5,5,3,2,3,3,2,2,4,3,3,3,3,4,2,2,4,4,1,4,4,4,"female",4,"Intence","Costly",3.45,3.91666666666667,1,1
"490",37,4,3,3,1,4,3,2,2,4,4,3,2,2,1,4,4,2,1,3,2,3,4,5,3,1,2,4,3,2,3,3,3,2,1,3,4,1,1,3,4,3,"female",5,"No-Intence","Non-Costly",3.75,3.08333333333333,0,0
"491",40,3,2,3,1,4,4,2,2,3,4,4,4,5,3,3,3,4,2,2,2,3,2,3,2,4,4,2,2,3,3,3,1,3,1,4,4,1,1,4,4,4,"male",7,"Intence","Non-Costly",3.95,3.25,0,1
"492",36,1,4,4,1,5,5,2,1,4,4,4,3,5,2,2,3,3,1,2,4,3,2,4,2,3,4,2,1,4,5,4,4,4,2,1,3,3,2,2,5,3,"male",6,"Intence","Non-Costly",3.8,3.66666666666667,0,1
"493",38,3,3,5,1,5,4,1,2,5,4,5,5,5,3,3,3,4,2,3,5,3,4,4,4,4,3,4,2,2,3,3,4,4,4,3,2,2,2,4,4,5,"female",5,"No-Intence","Costly",3.4,3.83333333333333,1,0
"494",29,1,2,4,1,4,5,1,1,5,4,5,4,5,2,2,4,2,1,4,4,4,4,5,1,4,5,1,1,5,5,5,2,4,1,4,4,2,1,4,5,5,"male",12,"No-Intence","Costly",4.45,4.58333333333333,1,0
"495",25,1,1,3,1,4,5,1,1,5,3,4,2,3,1,4,5,2,1,3,2,3,3,3,2,3,4,2,1,4,3,5,2,4,2,4,4,2,1,4,3,4,"male",4,"No-Intence","Non-Costly",4.4,3.58333333333333,0,0
"496",37,1,1,2,2,4,4,2,2,4,4,4,3,4,3,4,3,2,2,4,4,4,5,5,5,1,1,5,2,1,4,4,5,5,5,1,1,5,2,5,5,5,"female",6,"Intence","Non-Costly",2.7,4,0,1
"497",29,1,4,5,2,3,4,2,2,5,5,5,4,4,3,4,3,2,2,5,5,5,3,4,2,4,4,2,2,5,5,5,4,5,2,3,4,2,2,5,5,5,"female",6,"No-Intence","Costly",3.8,5,1,0
"498",20,4,3,3,3,4,3,2,1,3,4,4,5,3,4,2,2,3,2,3,3,2,4,4,4,2,2,4,1,3,4,3,4,4,3,3,4,3,2,3,5,3,"female",6,"Intence","Non-Costly",3.1,3.33333333333333,0,1
"499",35,1,3,3,3,3,3,3,3,3,3,4,4,4,4,3,3,3,4,3,3,3,4,4,3,3,2,3,4,3,4,3,3,4,3,3,3,3,3,3,4,3,"female",6,"No-Intence","Non-Costly",2.8,3.25,0,0
"500",37,1,4,5,3,3,4,3,3,4,5,3,3,3,3,4,4,3,3,4,5,4,3,2,3,3,3,3,3,3,4,3,4,4,3,3,3,2,2,4,4,3,"male",9,"Intence","Costly",3.25,3.83333333333333,1,1
"501",37,4,4,5,3,4,3,3,4,4,5,4,4,4,1,4,5,1,1,5,5,5,3,4,3,3,3,3,3,4,5,4,4,4,3,3,3,3,3,4,5,4,"female",6,"No-Intence","Costly",3.45,4.5,1,0
"502",37,1,1,4,1,5,5,1,1,5,5,5,2,5,1,4,5,1,1,5,5,5,3,4,2,4,4,2,2,4,4,4,1,4,1,5,5,1,1,5,4,4,"male",5,"No-Intence","Costly",4.7,4.58333333333333,1,0
"503",37,3,3,4,1,5,5,1,1,5,4,5,4,4,1,4,2,1,2,4,4,5,1,3,1,5,5,1,1,5,5,5,4,4,2,4,4,2,2,4,5,5,"female",6,"No-Intence","Costly",4.5,4.66666666666667,1,0
"504",37,4,5,5,5,2,2,5,1,1,2,2,5,5,5,1,1,5,3,1,1,1,4,3,5,1,3,4,1,1,3,1,4,4,3,4,3,3,1,3,5,4,"female",12,"No-Intence","Non-Costly",2.4,2.08333333333333,0,0
"505",39,4,3,4,2,3,3,3,4,3,3,4,4,5,4,3,3,4,3,3,5,3,3,3,3,3,3,3,3,3,5,3,3,4,3,3,3,3,3,3,4,3,"female",4,"No-Intence","Non-Costly",2.9,3.5,0,0
"506",31,1,3,3,2,2,3,2,1,3,4,4,3,4,2,3,4,2,1,4,4,3,5,5,4,1,3,4,3,1,4,1,3,4,2,2,3,2,1,4,4,4,"male",7,"Intence","Non-Costly",3.35,3.33333333333333,0,1
"507",34,2,4,5,3,3,3,4,5,3,5,3,5,5,5,1,1,5,5,2,5,2,3,4,3,3,3,3,3,3,4,3,5,5,5,1,1,5,5,2,4,2,"female",6,"Intence","Non-Costly",1.85,3.16666666666667,0,1
"508",33,3,3,3,3,3,3,3,2,2,3,3,4,4,3,2,3,4,4,2,3,3,2,3,3,3,3,3,3,3,2,3,3,2,4,3,3,3,3,3,2,2,"male",6,"No-Intence","Costly",2.85,2.58333333333333,1,0
"509",38,3,3,4,2,2,3,2,2,4,5,4,3,3,3,3,2,3,2,3,3,3,2,3,3,3,3,3,2,2,3,2,3,3,2,4,4,1,1,4,3,3,"female",6,"Intence","Non-Costly",3.5,3.25,0,1
"510",23,1,4,3,2,3,3,2,2,3,5,3,4,4,4,2,4,2,2,2,3,4,2,3,3,4,3,4,2,3,4,3,3,2,3,3,4,4,2,3,2,4,"male",6,"No-Intence","Costly",3.3,3.25,1,0
"511",39,4,1,2,1,5,5,1,1,5,5,5,3,5,2,3,4,1,1,3,5,3,5,5,3,4,4,4,1,3,5,4,5,5,4,2,2,4,1,3,5,2,"female",6,"No-Intence","Costly",3.85,4,1,0
"512",25,1,2,2,1,5,5,1,1,4,2,3,5,5,4,2,3,4,1,2,2,1,5,5,5,1,1,5,1,2,3,2,5,5,5,1,1,5,5,2,2,1,"male",6,"Intence","Non-Costly",2.65,2.16666666666667,0,1
"513",29,1,4,4,3,3,3,2,2,4,4,3,3,4,2,3,3,2,2,4,4,4,2,2,2,4,3,2,2,4,4,3,2,3,2,3,3,2,2,4,4,4,"female",6,"Intence","Non-Costly",3.6,3.83333333333333,0,1
"514",20,4,2,3,1,4,3,1,1,3,4,2,5,5,4,1,1,4,1,2,1,3,4,4,5,2,2,2,1,2,5,1,3,4,4,2,2,3,1,3,3,2,"female",8,"No-Intence","Non-Costly",3.05,2.58333333333333,0,0
"515",34,4,3,3,3,3,3,3,3,3,3,3,4,4,4,2,2,4,3,1,2,1,5,5,4,1,2,4,3,1,2,1,4,5,4,1,2,4,3,1,2,1,"female",6,"Intence","Non-Costly",2.3,1.75,0,1
"516",31,1,3,4,2,4,5,2,1,4,4,5,3,4,1,4,5,2,2,4,5,4,3,2,2,5,4,1,1,5,4,4,4,5,3,3,3,4,3,2,4,4,"male",9,"No-Intence","Costly",4.05,4.08333333333333,1,0
"517",28,2,4,5,4,2,2,4,3,4,5,4,4,5,4,3,2,5,3,4,5,3,4,4,3,4,3,3,3,4,4,4,4,5,4,2,2,4,4,3,5,3,"female",5,"No-Intence","Costly",2.4,4,1,0
"518",27,4,4,5,4,3,3,3,1,5,5,5,5,5,2,4,5,2,1,5,5,5,5,5,3,2,2,4,3,4,5,4,5,5,5,1,1,5,4,2,4,2,"female",6,"No-Intence","Costly",2.8,4.25,1,0
"519",36,1,4,4,3,3,3,3,2,4,4,4,3,4,2,3,3,3,2,3,4,3,5,5,4,1,1,4,4,1,3,2,3,3,2,3,3,2,2,4,4,4,"female",5,"Intence","Costly",2.95,3.33333333333333,1,1
"520",29,1,2,2,1,5,5,1,1,5,3,5,4,2,2,3,4,2,2,4,4,4,5,5,3,4,2,1,4,3,5,4,5,5,5,2,1,5,1,1,2,2,"male",5,"Intence","Costly",3.5,3.5,1,1
"521",40,1,2,3,2,4,4,3,3,3,4,2,3,3,3,3,2,2,3,3,4,4,3,2,2,2,3,2,3,2,4,2,2,3,4,4,2,4,2,2,3,4,"female",7,"Intence","Costly",3.15,3.08333333333333,1,1
"522",34,1,3,4,2,3,3,2,2,3,3,3,5,4,3,4,4,3,3,2,2,2,4,4,4,4,3,3,3,3,4,2,5,5,5,2,2,4,3,2,3,2,"female",5,"Intence","Non-Costly",3,2.58333333333333,0,1
"523",35,4,1,2,1,5,5,1,1,5,5,5,2,5,1,5,5,1,1,5,5,5,4,5,1,4,4,3,1,4,5,4,5,5,4,2,2,3,2,3,5,4,"female",6,"Intence","Costly",4.2,4.58333333333333,1,1
"524",28,3,1,3,1,5,4,1,1,3,3,4,4,4,4,3,3,4,2,2,4,2,1,2,1,4,4,3,1,3,4,3,3,4,1,4,4,1,2,3,5,4,"male",4,"No-Intence","Non-Costly",4.05,3.33333333333333,0,0
"525",40,1,3,2,2,2,3,2,2,2,2,4,2,2,2,3,4,4,3,2,2,3,3,2,2,3,3,3,2,3,4,4,4,2,3,3,3,4,3,3,3,3,"male",5,"No-Intence","Costly",3.2,2.91666666666667,1,0
"526",38,1,4,5,2,4,2,4,4,4,5,4,4,5,2,2,3,3,2,4,3,3,4,4,4,2,2,4,3,2,3,2,5,5,4,1,2,4,2,3,2,2,"male",3,"Intence","Non-Costly",2.6,3.08333333333333,0,1
"527",30,1,3,2,2,3,5,3,4,2,1,3,2,4,3,4,2,2,4,3,3,3,5,5,4,1,2,3,5,1,4,2,4,3,4,2,3,3,3,1,2,3,"male",9,"Intence","Non-Costly",2.7,2.33333333333333,0,1
"528",34,3,4,3,2,3,3,2,3,3,5,4,5,5,5,2,2,5,4,4,5,3,2,3,2,2,2,2,2,2,2,2,5,5,5,1,2,5,5,2,4,2,"female",6,"No-Intence","Costly",2.35,3.16666666666667,1,0
"529",39,3,3,3,1,4,5,2,2,5,5,5,3,3,2,4,4,2,2,4,4,4,3,4,2,4,4,2,3,4,4,4,4,4,2,4,3,3,1,4,4,4,"male",7,"No-Intence","Costly",4,4.25,1,0
"530",39,1,3,2,3,3,2,2,3,2,3,4,2,3,2,3,4,2,2,2,2,4,3,2,2,4,3,2,2,3,3,3,5,3,3,3,2,2,3,2,2,4,"male",11,"Intence","Non-Costly",3.4,2.83333333333333,0,1
"531",35,1,2,4,2,3,3,2,1,3,5,5,5,5,1,3,2,5,3,2,2,2,3,3,4,4,4,2,1,4,4,4,2,4,3,3,3,2,1,3,4,4,"female",12,"No-Intence","Non-Costly",3.5,3.5,0,0
"532",35,1,2,5,2,4,3,2,1,2,5,3,4,5,2,4,3,2,1,4,5,3,4,5,2,2,4,2,2,4,5,4,4,5,4,3,2,4,1,2,4,1,"female",8,"No-Intence","Non-Costly",3.6,3.5,0,0
"533",35,2,2,2,1,5,4,2,1,4,5,4,3,4,4,3,3,5,2,2,5,2,4,4,4,2,1,4,2,1,2,2,2,3,2,4,5,2,1,5,4,5,"female",7,"No-Intence","Non-Costly",3.45,3.41666666666667,0,0
"534",34,1,2,4,2,3,3,2,1,3,5,3,1,2,1,3,4,1,1,2,2,2,1,3,1,4,4,1,1,3,3,3,1,2,1,4,4,1,1,3,3,3,"male",6,"Intence","Non-Costly",4.35,2.91666666666667,0,1
"535",30,3,3,4,3,4,4,3,2,3,3,4,4,4,4,4,3,4,4,3,4,4,4,4,4,2,3,3,3,3,4,3,3,4,4,3,4,4,4,2,3,3,"female",6,"Intence","Non-Costly",2.85,3.25,0,1
"536",39,4,4,3,3,3,3,3,1,4,4,4,5,5,4,2,2,5,1,2,4,2,3,4,3,3,3,3,1,4,4,4,4,4,4,3,3,3,1,3,5,3,"female",6,"No-Intence","Non-Costly",3.1,3.58333333333333,0,0
"537",25,1,1,3,1,4,5,1,1,5,3,4,3,3,1,5,5,1,1,3,4,3,4,4,4,2,3,3,1,2,4,2,1,2,1,4,4,1,1,4,5,4,"male",5,"Intence","Costly",4.35,3.58333333333333,1,1
"538",22,4,3,4,2,3,4,2,2,5,5,5,4,5,3,2,3,3,3,2,3,3,3,4,2,3,4,3,2,4,4,4,3,4,1,4,4,1,1,5,4,5,"female",6,"Intence","Costly",3.7,4.08333333333333,1,1
"539",38,2,3,5,1,4,4,2,1,3,5,4,1,3,1,3,3,1,2,2,2,2,1,4,1,5,5,2,1,4,4,3,2,4,1,4,4,1,1,3,3,4,"female",5,"No-Intence","Non-Costly",4.45,3.25,0,0
"540",36,1,3,3,2,4,4,2,4,4,4,4,4,4,3,3,3,3,2,4,3,3,3,2,2,2,2,2,3,2,2,3,3,3,3,4,4,3,2,2,3,3,"female",3,"No-Intence","Costly",3.35,3.08333333333333,1,0
"541",39,1,3,2,2,4,4,2,2,4,2,4,4,4,2,3,4,2,2,4,4,3,3,3,2,3,4,2,2,4,4,5,4,4,4,2,2,4,3,2,4,2,"male",7,"Intence","Costly",3.45,3.5,1,1
"542",40,4,2,2,2,3,3,1,1,4,5,4,4,5,3,2,4,1,2,4,5,4,2,4,4,2,4,3,1,4,5,3,3,3,4,3,5,1,1,3,2,2,"female",6,"No-Intence","Non-Costly",3.7,3.75,0,0
"543",25,4,5,5,3,4,3,2,2,4,5,4,5,5,4,2,1,4,4,1,2,1,4,4,4,2,2,4,4,1,2,2,4,4,4,1,3,4,4,2,5,2,"female",6,"Intence","Non-Costly",2.35,2.58333333333333,0,1
"544",30,4,5,5,4,2,1,4,2,1,4,1,2,4,2,4,4,2,2,4,4,1,4,4,2,3,4,2,2,2,4,1,2,2,2,3,4,2,2,4,4,4,"male",5,"Intence","Non-Costly",3.45,2.83333333333333,0,1
"545",40,2,3,4,2,4,4,3,2,4,5,5,4,4,3,3,4,3,2,4,5,4,2,3,2,2,4,2,2,4,4,4,2,3,2,4,3,3,2,4,5,4,"female",6,"No-Intence","Costly",3.6,4.33333333333333,1,0
"546",40,4,3,4,3,3,3,3,2,3,4,3,2,3,2,3,3,2,2,3,3,3,4,3,2,3,4,2,2,4,5,5,2,3,2,4,4,2,2,4,4,4,"female",6,"Intence","Costly",3.65,3.75,1,1
"547",21,2,2,2,2,5,4,2,1,5,4,4,4,5,2,3,3,3,2,3,4,3,4,4,2,4,4,2,2,4,4,4,5,5,2,4,4,2,2,4,4,4,"male",7,"Intence","Costly",3.95,3.91666666666667,1,1
"548",34,4,2,4,1,5,5,2,1,5,5,5,5,5,4,3,3,4,3,4,5,3,5,5,4,3,3,4,2,3,4,4,2,4,1,4,4,2,1,4,4,4,"female",6,"No-Intence","Costly",3.65,4.16666666666667,1,0
"549",26,1,1,1,1,1,5,1,1,1,1,1,1,1,1,3,3,1,1,3,1,3,1,1,2,3,3,2,4,3,1,3,1,1,5,1,5,1,1,3,5,1,"male",1,"No-Intence","Non-Costly",3.75,2.16666666666667,0,0
"550",39,1,3,3,2,3,4,1,1,4,4,4,5,5,3,3,2,2,3,3,5,2,4,4,4,2,2,4,2,2,5,2,2,2,2,2,2,2,1,4,4,5,"female",6,"Intence","Non-Costly",3.25,3.66666666666667,0,1
"551",38,4,2,2,1,4,5,1,1,4,1,1,3,4,2,4,3,2,4,4,4,4,1,1,4,2,4,3,1,3,5,2,3,5,3,1,2,3,1,2,5,2,"female",6,"No-Intence","Costly",3.55,3.08333333333333,1,0
"552",36,4,2,3,1,5,3,1,1,5,4,5,2,3,3,3,3,3,2,3,3,3,4,4,4,3,2,5,3,2,3,2,5,5,4,2,2,4,1,3,5,3,"female",5,"Intence","Non-Costly",3.15,3.41666666666667,0,1
"553",37,1,2,4,2,4,4,2,1,4,4,4,5,5,5,3,2,4,1,2,2,1,2,5,2,4,4,2,1,2,5,4,4,5,4,1,1,4,1,1,2,2,"male",6,"Intence","Non-Costly",3.3,2.75,0,1
"554",23,4,4,4,4,2,2,5,4,3,4,4,5,5,4,2,2,4,4,4,5,5,4,4,2,4,3,2,1,4,4,4,5,5,5,1,2,5,1,3,4,3,"female",12,"Intence","Costly",2.45,3.91666666666667,1,1
"555",33,1,3,4,1,4,4,2,1,5,5,5,4,4,2,4,4,3,2,4,5,4,5,4,2,4,4,3,2,5,4,5,4,4,3,2,2,5,3,2,4,2,"female",5,"Intence","Costly",3.55,4.16666666666667,1,1
"556",38,3,5,4,3,4,3,3,2,4,4,4,5,5,4,2,3,4,3,2,3,4,5,5,4,2,2,4,2,3,2,1,5,5,4,2,2,5,3,2,5,4,"female",4,"Intence","Costly",2.55,3.16666666666667,1,1
"557",25,1,1,1,1,5,5,2,1,3,3,5,3,3,1,5,5,1,1,3,3,3,3,4,2,4,3,2,2,3,4,4,4,4,2,3,3,2,1,5,4,4,"male",4,"Intence","Non-Costly",4.35,3.66666666666667,0,1
"558",29,2,1,4,1,5,5,1,1,5,3,5,5,5,2,4,4,2,2,4,5,4,1,5,3,4,3,4,1,3,5,4,2,3,1,4,4,1,1,5,4,4,"female",12,"No-Intence","Non-Costly",4.25,4.25,0,0
"559",30,1,2,2,1,5,5,1,1,5,5,5,4,4,2,5,4,1,1,5,5,5,1,2,1,5,5,1,1,5,5,5,2,3,2,4,4,2,1,5,5,5,"female",4,"No-Intence","Costly",4.7,5,1,0
"560",28,1,2,3,2,4,4,2,1,4,3,4,2,4,1,4,4,1,1,4,4,4,4,5,4,2,2,3,2,1,5,2,2,4,2,3,4,2,2,4,4,4,"female",6,"No-Intence","Non-Costly",3.8,3.58333333333333,0,0
"561",23,4,3,4,4,3,3,4,3,2,4,3,5,5,4,2,2,5,3,2,3,2,2,2,3,3,3,2,2,3,4,3,3,4,3,3,2,3,3,3,5,3,"male",6,"Intence","Non-Costly",2.7,3.08333333333333,0,1
"562",32,3,4,4,5,3,3,5,2,4,5,5,4,4,3,4,4,3,1,5,5,5,4,5,4,3,2,4,2,5,5,5,4,4,3,3,3,3,2,4,5,5,"female",6,"No-Intence","Costly",3,4.83333333333333,1,0
"563",30,4,3,4,3,2,4,3,1,3,2,3,2,3,2,4,4,2,1,3,2,2,3,5,3,2,2,3,2,3,3,3,2,3,2,3,4,2,1,4,5,4,"female",9,"Intence","Non-Costly",3.6,3.08333333333333,0,1
"564",32,2,3,4,3,3,3,3,1,3,1,3,4,4,3,2,3,3,1,1,4,2,3,2,3,3,3,3,3,3,5,3,5,5,3,3,3,3,3,3,3,3,"male",1,"Intence","Non-Costly",3.15,2.83333333333333,0,1
"565",39,1,2,2,3,2,4,3,3,2,3,2,2,2,4,3,4,4,3,4,3,3,3,4,3,4,4,4,2,3,4,4,4,2,4,4,3,4,4,3,4,3,"male",6,"No-Intence","Costly",2.95,3.16666666666667,1,0
"566",37,2,2,2,1,5,4,1,1,3,4,3,5,5,4,1,3,4,3,3,4,2,3,4,3,2,4,2,2,3,5,3,4,4,3,2,2,4,2,1,3,1,"female",4,"Intence","Non-Costly",3.25,2.91666666666667,0,1
"567",31,3,2,3,2,3,4,2,3,4,3,3,3,4,2,4,4,2,3,4,4,4,3,4,3,4,4,3,3,4,4,4,3,4,3,3,3,3,3,3,4,3,"female",4,"No-Intence","Costly",3.45,3.66666666666667,1,0
"568",28,4,5,5,2,4,5,3,1,5,5,5,5,4,4,1,1,5,4,1,1,1,3,4,2,3,4,3,1,5,5,5,5,5,4,2,3,5,2,2,2,2,"female",9,"No-Intence","Costly",2.95,3.25,1,0
"569",31,1,3,4,2,4,4,2,1,3,4,3,2,2,4,2,3,2,1,3,3,2,2,4,2,4,4,2,2,4,3,4,3,4,3,3,3,4,2,3,3,3,"male",3,"No-Intence","Non-Costly",3.6,3.16666666666667,0,0
"570",40,1,1,3,1,5,5,1,1,4,3,4,3,5,1,4,4,2,1,3,5,4,1,2,1,5,5,1,1,5,4,5,1,4,1,5,5,1,1,4,4,5,"female",9,"Intence","Non-Costly",4.85,4.16666666666667,0,1
"571",39,4,4,4,2,2,2,2,2,2,4,4,3,4,4,2,2,4,3,4,3,3,4,3,4,2,2,3,4,3,4,2,5,5,4,4,4,4,4,3,4,4,"female",5,"Intence","Non-Costly",2.6,3.33333333333333,0,1
"572",35,1,1,1,1,5,5,1,1,5,4,5,3,3,1,5,5,1,1,5,4,5,3,3,1,5,5,1,1,5,5,5,3,4,1,5,5,1,1,5,4,5,"male",7,"No-Intence","Costly",5,4.75,1,0
"573",40,3,2,2,1,4,4,1,1,4,4,4,3,3,2,3,3,2,2,2,2,2,2,4,1,4,4,1,1,4,4,4,2,3,2,3,3,1,1,3,4,3,"male",6,"Intence","Non-Costly",4.2,3.33333333333333,0,1
"574",40,1,2,2,1,4,4,2,2,4,4,4,5,5,2,4,4,2,2,5,4,4,2,4,3,4,4,2,2,4,4,4,4,4,4,3,2,4,2,3,4,4,"male",2,"No-Intence","Costly",3.65,4,1,0
"575",29,1,2,3,1,5,4,2,1,4,4,4,4,4,3,2,2,4,3,2,2,3,4,4,2,3,4,2,2,3,4,3,2,2,1,5,5,1,1,4,3,5,"male",8,"No-Intence","Non-Costly",3.95,3.41666666666667,0,0
"576",40,2,1,4,3,5,4,1,1,5,5,5,2,3,1,5,5,1,1,5,5,5,1,1,1,5,5,1,1,5,4,4,1,3,1,4,3,1,1,4,4,5,"male",6,"No-Intence","Costly",4.7,4.66666666666667,1,0
"577",38,1,4,5,4,2,2,4,3,3,5,2,4,5,3,3,3,3,2,3,2,3,4,5,4,2,2,5,4,2,5,2,5,5,5,1,1,5,5,1,5,1,"female",6,"Intence","Non-Costly",2.05,2.83333333333333,0,1
"578",31,1,3,5,3,2,3,3,2,2,4,3,2,2,3,4,4,1,1,4,4,3,2,5,2,2,2,2,1,4,5,4,3,4,2,3,2,2,1,4,5,4,"male",1,"No-Intence","Non-Costly",3.55,3.83333333333333,0,0
"579",39,1,2,4,2,2,2,4,4,4,2,4,4,4,4,2,4,2,2,2,2,4,2,4,2,2,4,4,2,2,2,2,4,2,2,4,4,4,2,4,4,4,"male",8,"No-Intence","Non-Costly",3.1,3,0,0
"580",31,4,2,4,1,5,5,1,1,5,4,5,3,5,2,4,4,1,2,4,4,3,2,3,1,4,4,1,2,5,5,5,4,5,2,3,4,2,2,5,5,4,"male",6,"No-Intence","Costly",4.35,4.5,1,0
"581",24,1,3,5,2,3,4,2,3,4,3,4,2,4,1,4,5,1,2,4,5,3,3,2,1,2,2,2,1,3,5,4,2,5,1,3,4,2,1,3,5,3,"female",5,"No-Intence","Costly",4,3.83333333333333,1,0
"582",37,4,4,4,2,4,4,2,1,3,5,3,5,5,4,3,2,3,2,2,3,3,1,2,2,4,4,2,1,3,4,4,4,5,3,2,2,3,2,3,5,3,"female",7,"Intence","Non-Costly",3.5,3.41666666666667,0,1
"583",40,3,4,4,1,3,5,1,1,5,4,4,5,5,4,4,2,4,3,2,3,3,5,5,4,2,3,4,2,2,2,2,5,5,5,1,1,5,1,2,2,2,"female",12,"Intence","Non-Costly",2.9,2.75,0,1
"584",31,1,4,4,1,4,4,2,2,5,2,3,4,4,4,3,2,3,2,2,1,3,1,2,1,4,4,1,2,4,1,2,2,4,1,3,4,1,2,4,4,4,"male",9,"No-Intence","Non-Costly",3.9,2.91666666666667,0,0
"585",34,1,2,2,2,3,3,1,1,1,1,1,4,3,2,3,5,1,1,2,1,1,4,5,2,1,2,3,1,1,1,1,4,4,4,1,2,4,1,1,2,1,"female",12,"Intence","Non-Costly",3.45,1.16666666666667,0,1
"586",32,4,2,2,2,4,4,1,2,4,5,4,4,3,2,3,3,2,3,4,4,4,4,5,4,1,3,4,4,4,3,3,3,4,4,2,3,2,1,3,3,3,"female",4,"No-Intence","Costly",3.2,3.66666666666667,1,0
"587",37,3,1,2,1,4,5,1,1,5,4,5,3,4,2,5,5,2,3,5,4,5,2,4,2,4,4,3,3,5,5,5,4,4,2,3,2,3,2,4,5,4,"male",5,"No-Intence","Costly",3.95,4.66666666666667,1,0
"588",28,2,3,2,2,4,4,3,3,3,2,4,2,2,4,4,4,4,4,4,4,3,1,4,1,4,5,1,1,4,4,4,4,3,4,3,3,2,2,4,4,4,"female",12,"No-Intence","Costly",3.6,3.66666666666667,1,0
"589",35,1,2,3,2,4,3,3,1,3,4,4,4,4,2,4,4,3,1,3,3,3,3,3,2,5,5,2,1,4,3,3,3,4,3,5,5,2,1,4,4,4,"male",8,"No-Intence","Costly",4.2,3.5,1,0
"590",34,2,2,4,4,5,4,5,1,4,5,5,5,5,4,1,2,5,1,2,4,3,5,5,1,2,4,2,1,4,4,5,5,5,5,1,1,5,4,1,4,1,"male",6,"Intence","Costly",2.7,3.5,1,1
"591",22,4,2,3,1,5,5,1,1,5,4,5,3,4,3,3,3,3,3,4,4,3,3,3,3,3,2,3,3,2,3,2,2,3,2,4,4,2,2,4,4,4,"male",5,"No-Intence","Costly",3.7,3.66666666666667,1,0
"592",20,4,1,2,1,5,5,1,1,3,2,3,2,4,1,5,4,2,1,3,3,3,1,3,1,5,5,1,2,3,3,2,2,3,1,5,5,1,1,4,3,4,"male",5,"No-Intence","Non-Costly",4.85,3,0,0
"593",24,4,4,4,3,3,3,3,3,3,5,3,5,5,4,2,2,4,3,3,5,2,4,4,3,3,3,3,3,3,4,3,3,4,3,3,3,3,3,4,4,4,"female",7,"Intence","Costly",2.8,3.58333333333333,1,1
"594",37,1,3,4,3,4,4,3,3,4,4,4,3,3,3,4,4,3,3,4,4,4,3,3,3,4,4,3,3,4,3,4,3,4,3,3,3,3,3,4,4,4,"male",7,"Intence","Costly",3.3,3.91666666666667,1,1
"595",34,3,2,2,1,5,5,1,1,5,5,5,3,4,2,4,4,3,2,5,5,3,3,3,3,4,4,3,2,4,5,4,1,2,1,4,4,2,2,4,3,4,"male",6,"No-Intence","Non-Costly",4.15,4.33333333333333,0,0
"596",35,1,2,2,2,4,5,2,1,2,4,4,4,4,3,2,3,3,2,3,2,3,4,4,2,3,3,2,1,3,3,3,4,5,3,2,2,4,2,2,3,2,"female",2,"No-Intence","Non-Costly",3.45,2.83333333333333,0,0
"597",35,3,1,1,1,5,5,1,1,5,4,5,4,5,1,5,4,1,1,4,4,3,5,5,3,3,4,3,2,4,5,4,4,5,4,2,2,4,1,2,4,1,"male",8,"Intence","Non-Costly",3.95,3.75,0,1
"598",32,3,5,5,5,1,1,5,5,1,4,1,5,5,4,2,2,4,4,2,4,2,5,5,5,1,1,5,5,1,2,1,4,4,4,1,1,4,4,1,4,1,"male",5,"Intence","Non-Costly",1.4,2,0,1
"599",33,3,2,2,1,4,4,1,1,4,4,4,2,2,1,5,5,1,1,5,2,3,4,5,2,3,3,3,1,4,5,4,4,4,3,3,3,3,1,3,5,4,"female",6,"Intence","Costly",4.15,3.91666666666667,1,1
"600",33,1,1,2,1,5,4,1,1,3,4,4,2,3,2,5,4,2,1,3,4,3,2,3,2,3,3,2,1,2,5,2,1,3,1,4,4,1,1,4,4,4,"male",8,"Intence","Non-Costly",4.4,3.5,0,1
"601",38,1,2,3,1,5,5,1,1,5,3,5,1,2,1,5,5,1,1,5,5,5,1,3,1,4,4,1,1,4,5,4,1,3,1,3,5,1,1,4,5,4,"female",6,"No-Intence","Costly",4.8,4.5,1,0
"602",33,3,5,5,5,2,2,5,4,2,4,2,5,5,4,2,2,5,4,2,3,2,5,5,5,1,1,5,5,1,3,1,5,5,5,1,1,5,5,2,4,2,"unknown",5,"Intence","Costly",1.35,2.33333333333333,1,1
"603",29,2,1,2,3,3,4,2,1,5,5,5,3,3,1,5,5,1,1,5,4,4,4,4,3,3,3,3,1,4,4,4,2,4,1,4,4,1,1,4,4,4,"female",6,"No-Intence","Costly",4.2,4.33333333333333,1,0
